"id","ano","alunos_previstos","alunos_avaliados","percentual_avaliados","proficiencia_media","abaixo_basico","basico","adequado","avancado","taxa_participacao","meta_estabelecida","variacao_ano_anterior","posicao_municipio","data_atualizacao","observacoes","disciplina_id","escola_id","serie_id"
"4",2023,43,42,"98.00","461.00","0.24","0.36","0.40","0.00",NULL,NULL,NULL,NULL,"2026-02-06 18:50:55.547396-03",NULL,"2",30,"1"
"5",2023,57,52,"91.00","464.00","0.15","0.56","0.21","0.08",NULL,NULL,NULL,NULL,"2026-02-06 18:50:55.547396-03",NULL,"2",72,"1"
"6",2023,31,27,"87.00","555.00","0.00","0.22","0.52","0.26",NULL,NULL,NULL,NULL,"2026-02-06 18:50:55.547396-03",NULL,"2",71,"1"
"7",2023,41,34,"83.00","445.00","0.29","0.50","0.18","0.03",NULL,NULL,NULL,NULL,"2026-02-06 18:50:55.547396-03",NULL,"2",73,"1"
"8",2023,73,75,"100.00","478.00","0.15","0.43","0.40","0.03",NULL,NULL,NULL,NULL,"2026-02-06 18:50:55.547396-03",NULL,"2",1,"1"
"9",2023,22,19,"86.00","479.00","0.16","0.42","0.42","0.00",NULL,NULL,NULL,NULL,"2026-02-06 18:50:55.547396-03",NULL,"2",2,"1"
"10",2023,91,78,"86.00","454.00","0.26","0.46","0.23","0.05",NULL,NULL,NULL,NULL,"2026-02-06 18:50:55.547396-03",NULL,"2",4,"1"
"11",2023,156,152,"97.00","473.00","0.20","0.43","0.32","0.06",NULL,NULL,NULL,NULL,"2026-02-06 18:50:55.547396-03",NULL,"2",6,"1"
"12",2023,62,56,"90.00","451.00","0.27","0.46","0.23","0.04",NULL,NULL,NULL,NULL,"2026-02-06 18:50:55.547396-03",NULL,"2",9,"1"
"13",2023,70,69,"99.00","502.00","0.09","0.35","0.51","0.06",NULL,NULL,NULL,NULL,"2026-02-06 18:50:55.547396-03",NULL,"2",10,"1"
"14",2023,17,16,"94.00","572.00","0.00","0.06","0.75","0.19",NULL,NULL,NULL,NULL,"2026-02-06 18:50:55.547396-03",NULL,"2",18,"1"
"15",2023,19,18,"95.00","506.00","0.22","0.11","0.50","0.17",NULL,NULL,NULL,NULL,"2026-02-06 18:50:55.547396-03",NULL,"2",31,"1"
"16",2023,16,16,"100.00","455.00","0.19","0.50","0.31","0.00",NULL,NULL,NULL,NULL,"2026-02-06 18:50:55.547396-03",NULL,"2",51,"1"
"17",2023,14,13,"93.00","584.00","0.08","0.08","0.23","0.62",NULL,NULL,NULL,NULL,"2026-02-06 18:50:55.547396-03",NULL,"2",7,"1"
"18",2023,22,18,"82.00","480.00","0.17","0.44","0.33","0.06",NULL,NULL,NULL,NULL,"2026-02-06 18:50:55.547396-03",NULL,"2",50,"1"
"19",2023,27,28,"100.00","523.00","0.00","0.29","0.68","0.04",NULL,NULL,NULL,NULL,"2026-02-06 18:50:55.547396-03",NULL,"2",20,"1"
"20",2023,13,13,"100.00","473.00","0.38","0.08","0.46","0.08",NULL,NULL,NULL,NULL,"2026-02-06 18:50:55.547396-03",NULL,"2",15,"1"
"21",2023,104,108,"100.00","470.00","0.19","0.42","0.33","0.06",NULL,NULL,NULL,NULL,"2026-02-06 18:50:55.547396-03",NULL,"2",16,"1"
"22",2023,27,26,"96.00","433.00","0.31","0.50","0.19","0.00",NULL,NULL,NULL,NULL,"2026-02-06 18:50:55.547396-03",NULL,"2",17,"1"
"23",2023,16,15,"94.00","482.00","0.13","0.53","0.20","0.13",NULL,NULL,NULL,NULL,"2026-02-06 18:50:55.547396-03",NULL,"2",32,"1"
"24",2023,73,63,"86.00","491.00","0.16","0.38","0.30","0.16",NULL,NULL,NULL,NULL,"2026-02-06 18:50:55.547396-03",NULL,"2",33,"1"
"25",2023,24,25,"100.00","512.00","0.08","0.36","0.52","0.04",NULL,NULL,NULL,NULL,"2026-02-06 18:50:55.547396-03",NULL,"2",34,"1"
"26",2023,58,59,"100.00","489.00","0.14","0.46","0.36","0.05",NULL,NULL,NULL,NULL,"2026-02-06 18:50:55.547396-03",NULL,"2",35,"1"
"27",2023,52,41,"79.00","497.00","0.12","0.37","0.46","0.05",NULL,NULL,NULL,NULL,"2026-02-06 18:50:55.547396-03",NULL,"2",36,"1"
"28",2023,75,60,"80.00","473.00","0.22","0.45","0.28","0.05",NULL,NULL,NULL,NULL,"2026-02-06 18:50:55.547396-03",NULL,"2",37,"1"
"29",2023,57,50,"88.00","468.00","0.18","0.50","0.26","0.06",NULL,NULL,NULL,NULL,"2026-02-06 18:50:55.547396-03",NULL,"2",38,"1"
"30",2023,11,10,"91.00","601.00","0.00","0.00","0.60","0.40",NULL,NULL,NULL,NULL,"2026-02-06 18:50:55.547396-03",NULL,"2",39,"1"
"31",2023,17,15,"88.00","513.00","0.00","0.47","0.47","0.07",NULL,NULL,NULL,NULL,"2026-02-06 18:50:55.547396-03",NULL,"2",41,"1"
"32",2023,24,24,"100.00","447.00","0.21","0.58","0.21","0.00",NULL,NULL,NULL,NULL,"2026-02-06 18:50:55.547396-03",NULL,"2",45,"1"
"33",2023,19,19,"100.00","468.00","0.21","0.47","0.32","0.00",NULL,NULL,NULL,NULL,"2026-02-06 18:50:55.547396-03",NULL,"2",46,"1"
"34",2023,50,47,"94.00","507.00","0.09","0.28","0.64","0.00",NULL,NULL,NULL,NULL,"2026-02-06 18:50:55.547396-03",NULL,"2",47,"1"
"35",2023,30,26,"87.00","510.00","0.08","0.50","0.23","0.19",NULL,NULL,NULL,NULL,"2026-02-06 18:50:55.547396-03",NULL,"2",48,"1"
"36",2023,83,81,"98.00","468.00","0.12","0.56","0.28","0.04",NULL,NULL,NULL,NULL,"2026-02-06 18:50:55.547396-03",NULL,"2",52,"1"
"37",2023,147,139,"95.00","473.00","0.17","0.48","0.29","0.05",NULL,NULL,NULL,NULL,"2026-02-06 18:50:55.547396-03",NULL,"2",53,"1"
"38",2023,23,22,"96.00","473.00","0.23","0.50","0.23","0.05",NULL,NULL,NULL,NULL,"2026-02-06 18:50:55.547396-03",NULL,"2",69,"1"
"39",2023,103,103,"100.00","456.00","0.25","0.43","0.28","0.04",NULL,NULL,NULL,NULL,"2026-02-06 18:50:55.547396-03",NULL,"2",70,"1"
"40",2023,14,14,"100.00","525.00","0.14","0.14","0.64","0.07",NULL,NULL,NULL,NULL,"2026-02-06 18:50:55.547396-03",NULL,"2",54,"1"
"41",2023,22,22,"100.00","459.00","0.27","0.36","0.36","0.00",NULL,NULL,NULL,NULL,"2026-02-06 18:50:55.547396-03",NULL,"2",55,"1"
"42",2023,154,142,"92.00","452.00","0.20","0.56","0.23","0.01",NULL,NULL,NULL,NULL,"2026-02-06 18:50:55.547396-03",NULL,"2",56,"1"
"43",2023,49,42,"86.00","512.00","0.07","0.38","0.40","0.14",NULL,NULL,NULL,NULL,"2026-02-06 18:50:55.547396-03",NULL,"2",57,"1"
"44",2023,46,39,"85.00","467.00","0.23","0.44","0.28","0.05",NULL,NULL,NULL,NULL,"2026-02-06 18:50:55.547396-03",NULL,"2",59,"1"
"45",2023,75,71,"95.00","425.00","0.39","0.39","0.21","0.00",NULL,NULL,NULL,NULL,"2026-02-06 18:50:55.547396-03",NULL,"2",60,"1"
"46",2023,28,26,"93.00","467.00","0.15","0.58","0.27","0.00",NULL,NULL,NULL,NULL,"2026-02-06 18:50:55.547396-03",NULL,"2",61,"1"
"47",2023,148,138,"93.00","440.00","0.29","0.54","0.16","0.01",NULL,NULL,NULL,NULL,"2026-02-06 18:50:55.547396-03",NULL,"2",29,"1"
"48",2023,42,41,"98.00","459.00","0.20","0.51","0.24","0.05",NULL,NULL,NULL,NULL,"2026-02-06 18:50:55.547396-03",NULL,"2",62,"1"
"49",2023,111,104,"94.00","461.00","0.22","0.46","0.29","0.03",NULL,NULL,NULL,NULL,"2026-02-06 18:50:55.547396-03",NULL,"2",63,"1"
"50",2023,58,54,"93.00","494.00","0.09","0.44","0.39","0.07",NULL,NULL,NULL,NULL,"2026-02-06 18:50:55.547396-03",NULL,"2",64,"1"
"51",2023,47,43,"91.00","450.00","0.28","0.42","0.23","0.07",NULL,NULL,NULL,NULL,"2026-02-06 18:50:55.547396-03",NULL,"2",65,"1"
"52",2023,82,76,"93.00","527.00","0.09","0.21","0.54","0.16",NULL,NULL,NULL,NULL,"2026-02-06 18:50:55.547396-03",NULL,"2",66,"1"
"53",2023,67,63,"94.00","442.00","0.24","0.57","0.19","0.00",NULL,NULL,NULL,NULL,"2026-02-06 18:50:55.547396-03",NULL,"2",43,"1"
"54",2023,21,21,"100.00","454.00","0.29","0.43","0.29","0.00",NULL,NULL,NULL,NULL,"2026-02-06 18:50:55.547396-03",NULL,"2",67,"1"
"55",2023,147,144,"98.00","472.00","0.23","0.36","0.37","0.04",NULL,NULL,NULL,NULL,"2026-02-06 18:50:55.547396-03",NULL,"2",12,"1"
"56",2023,51,48,"94.00","633.00","0.00","0.02","0.10","0.88",NULL,NULL,NULL,NULL,"2026-02-06 18:50:55.547396-03",NULL,"2",58,"1"
"57",2023,19,20,"100.00","438.00","0.40","0.35","0.20","0.05",NULL,NULL,NULL,NULL,"2026-02-06 18:50:55.547396-03",NULL,"2",74,"1"
"58",2023,14,12,"86.00","538.00","0.08","0.17","0.50","0.25",NULL,NULL,NULL,NULL,"2026-02-06 18:50:55.547396-03",NULL,"2",75,"1"
"59",2023,32,31,"97.00","524.00","0.00","0.19","0.77","0.03",NULL,NULL,NULL,NULL,"2026-02-06 18:50:55.547396-03",NULL,"2",19,"1"
"60",2023,79,76,"96.00","466.00","0.17","0.49","0.30","0.04",NULL,NULL,NULL,NULL,"2026-02-06 18:50:55.547396-03",NULL,"2",76,"1"
"61",2023,20,16,"80.00","651.00","0.00","0.00","0.13","0.88",NULL,NULL,NULL,NULL,"2026-02-06 18:50:55.547396-03",NULL,"2",77,"1"
"62",2023,54,52,"96.00","492.00","0.15","0.31","0.46","0.08",NULL,NULL,NULL,NULL,"2026-02-06 18:50:55.547396-03",NULL,"2",78,"1"
"63",2023,25,24,"96.00","622.00","0.00","0.00","0.08","0.92",NULL,NULL,NULL,NULL,"2026-02-06 18:50:55.547396-03",NULL,"2",79,"1"
"64",2023,114,101,"89.00","474.00","0.21","0.38","0.37","0.05",NULL,NULL,NULL,NULL,"2026-02-06 18:50:55.547396-03",NULL,"2",68,"1"
"189",2023,41,38,"93.00","198.00","0.18","0.26","0.45","0.11",NULL,NULL,NULL,NULL,"2026-02-09 09:30:54.811402-03",NULL,"1",30,"2"
"190",2023,62,59,"95.00","191.00","0.27","0.27","0.36","0.10",NULL,NULL,NULL,NULL,"2026-02-09 09:30:54.811402-03",NULL,"1",72,"2"
"191",2023,47,43,"91.00","207.00","0.14","0.30","0.35","0.21",NULL,NULL,NULL,NULL,"2026-02-09 09:30:54.811402-03",NULL,"1",71,"2"
"192",2023,43,35,"81.00","168.00","0.43","0.34","0.17","0.06",NULL,NULL,NULL,NULL,"2026-02-09 09:30:54.811402-03",NULL,"1",73,"2"
"193",2023,54,49,"91.00","227.00","0.12","0.22","0.29","0.37",NULL,NULL,NULL,NULL,"2026-02-09 09:30:54.811402-03",NULL,"1",1,"2"
"194",2023,12,11,"92.00","211.00","0.00","0.55","0.27","0.18",NULL,NULL,NULL,NULL,"2026-02-09 09:30:54.811402-03",NULL,"1",2,"2"
"195",2023,14,13,"93.00","165.00","0.46","0.23","0.23","0.08",NULL,NULL,NULL,NULL,"2026-02-09 09:30:54.811402-03",NULL,"1",3,"2"
"196",2023,98,91,"93.00","172.00","0.36","0.38","0.23","0.02",NULL,NULL,NULL,NULL,"2026-02-09 09:30:54.811402-03",NULL,"1",4,"2"
"197",2023,16,15,"94.00","175.00","0.27","0.47","0.20","0.07",NULL,NULL,NULL,NULL,"2026-02-09 09:30:54.811402-03",NULL,"1",5,"2"
"198",2023,131,127,"97.00","185.00","0.29","0.37","0.24","0.10",NULL,NULL,NULL,NULL,"2026-02-09 09:30:54.811402-03",NULL,"1",6,"2"
"199",2023,50,46,"92.00","189.00","0.30","0.30","0.28","0.11",NULL,NULL,NULL,NULL,"2026-02-09 09:30:54.811402-03",NULL,"1",9,"2"
"200",2023,75,69,"92.00","219.00","0.09","0.28","0.38","0.26",NULL,NULL,NULL,NULL,"2026-02-09 09:30:54.811402-03",NULL,"1",10,"2"
"201",2023,14,10,"71.00","203.00","0.10","0.30","0.40","0.20",NULL,NULL,NULL,NULL,"2026-02-09 09:30:54.811402-03",NULL,"1",11,"2"
"202",2023,21,19,"90.00","174.00","0.21","0.53","0.26","0.00",NULL,NULL,NULL,NULL,"2026-02-09 09:30:54.811402-03",NULL,"1",31,"2"
"203",2023,17,14,"82.00","162.00","0.43","0.50","0.07","0.00",NULL,NULL,NULL,NULL,"2026-02-09 09:30:54.811402-03",NULL,"1",51,"2"
"204",2023,25,21,"84.00","213.00","0.10","0.43","0.19","0.29",NULL,NULL,NULL,NULL,"2026-02-09 09:30:54.811402-03",NULL,"1",7,"2"
"205",2023,24,21,"88.00","220.00","0.10","0.33","0.24","0.33",NULL,NULL,NULL,NULL,"2026-02-09 09:30:54.811402-03",NULL,"1",20,"2"
"206",2023,18,17,"94.00","183.00","0.18","0.59","0.24","0.00",NULL,NULL,NULL,NULL,"2026-02-09 09:30:54.811402-03",NULL,"1",13,"2"
"207",2023,22,20,"91.00","176.00","0.25","0.50","0.20","0.05",NULL,NULL,NULL,NULL,"2026-02-09 09:30:54.811402-03",NULL,"1",15,"2"
"208",2023,65,62,"95.00","215.00","0.11","0.27","0.37","0.24",NULL,NULL,NULL,NULL,"2026-02-09 09:30:54.811402-03",NULL,"1",16,"2"
"209",2023,15,12,"80.00","185.00","0.33","0.25","0.33","0.08",NULL,NULL,NULL,NULL,"2026-02-09 09:30:54.811402-03",NULL,"1",17,"2"
"210",2023,67,64,"96.00","203.00","0.22","0.20","0.42","0.16",NULL,NULL,NULL,NULL,"2026-02-09 09:30:54.811402-03",NULL,"1",33,"2"
"211",2023,57,50,"88.00","206.00","0.16","0.34","0.24","0.26",NULL,NULL,NULL,NULL,"2026-02-09 09:30:54.811402-03",NULL,"1",35,"2"
"212",2023,57,45,"79.00","203.00","0.16","0.33","0.33","0.18",NULL,NULL,NULL,NULL,"2026-02-09 09:30:54.811402-03",NULL,"1",36,"2"
"213",2023,52,49,"94.00","185.00","0.33","0.37","0.16","0.14",NULL,NULL,NULL,NULL,"2026-02-09 09:30:54.811402-03",NULL,"1",37,"2"
"214",2023,63,59,"94.00","210.00","0.20","0.24","0.29","0.27",NULL,NULL,NULL,NULL,"2026-02-09 09:30:54.811402-03",NULL,"1",38,"2"
"215",2023,29,31,"100.00","205.00","0.19","0.23","0.39","0.19",NULL,NULL,NULL,NULL,"2026-02-09 09:30:54.811402-03",NULL,"1",39,"2"
"216",2023,10,10,"100.00","166.00","0.50","0.20","0.30","0.00",NULL,NULL,NULL,NULL,"2026-02-09 09:30:54.811402-03",NULL,"1",40,"2"
"217",2023,14,15,"100.00","206.00","0.07","0.33","0.53","0.07",NULL,NULL,NULL,NULL,"2026-02-09 09:30:54.811402-03",NULL,"1",44,"2"
"218",2023,13,14,"100.00","200.00","0.07","0.57","0.07","0.29",NULL,NULL,NULL,NULL,"2026-02-09 09:30:54.811402-03",NULL,"1",45,"2"
"219",2023,18,15,"83.00","210.00","0.13","0.20","0.47","0.20",NULL,NULL,NULL,NULL,"2026-02-09 09:30:54.811402-03",NULL,"1",46,"2"
"220",2023,46,43,"93.00","212.00","0.09","0.35","0.37","0.19",NULL,NULL,NULL,NULL,"2026-02-09 09:30:54.811402-03",NULL,"1",47,"2"
"221",2023,120,116,"97.00","204.00","0.26","0.22","0.25","0.27",NULL,NULL,NULL,NULL,"2026-02-09 09:30:54.811402-03",NULL,"1",53,"2"
"222",2023,27,27,"100.00","220.00","0.07","0.33","0.30","0.30",NULL,NULL,NULL,NULL,"2026-02-09 09:30:54.811402-03",NULL,"1",69,"2"
"223",2023,98,90,"92.00","205.00","0.19","0.24","0.36","0.21",NULL,NULL,NULL,NULL,"2026-02-09 09:30:54.811402-03",NULL,"1",70,"2"
"224",2023,15,15,"100.00","190.00","0.07","0.53","0.40","0.00",NULL,NULL,NULL,NULL,"2026-02-09 09:30:54.811402-03",NULL,"1",54,"2"
"225",2023,24,22,"92.00","192.00","0.18","0.41","0.32","0.09",NULL,NULL,NULL,NULL,"2026-02-09 09:30:54.811402-03",NULL,"1",55,"2"
"226",2023,94,92,"98.00","212.00","0.11","0.28","0.41","0.20",NULL,NULL,NULL,NULL,"2026-02-09 09:30:54.811402-03",NULL,"1",56,"2"
"227",2023,32,32,"100.00","211.00","0.06","0.38","0.41","0.16",NULL,NULL,NULL,NULL,"2026-02-09 09:30:54.811402-03",NULL,"1",57,"2"
"228",2023,24,25,"100.00","166.00","0.44","0.40","0.12","0.04",NULL,NULL,NULL,NULL,"2026-02-09 09:30:54.811402-03",NULL,"1",59,"2"
"229",2023,49,46,"94.00","192.00","0.26","0.35","0.24","0.15",NULL,NULL,NULL,NULL,"2026-02-09 09:30:54.811402-03",NULL,"1",28,"2"
"230",2023,38,37,"97.00","196.00","0.14","0.43","0.32","0.11",NULL,NULL,NULL,NULL,"2026-02-09 09:30:54.811402-03",NULL,"1",60,"2"
"231",2023,119,115,"97.00","195.00","0.24","0.37","0.15","0.23",NULL,NULL,NULL,NULL,"2026-02-09 09:30:54.811402-03",NULL,"1",61,"2"
"232",2023,105,89,"85.00","194.00","0.20","0.45","0.20","0.15",NULL,NULL,NULL,NULL,"2026-02-09 09:30:54.811402-03",NULL,"1",29,"2"
"233",2023,41,40,"98.00","200.00","0.18","0.28","0.38","0.18",NULL,NULL,NULL,NULL,"2026-02-09 09:30:54.811402-03",NULL,"1",62,"2"
"234",2023,103,99,"96.00","201.00","0.23","0.24","0.32","0.20",NULL,NULL,NULL,NULL,"2026-02-09 09:30:54.811402-03",NULL,"1",63,"2"
"235",2023,82,73,"89.00","219.00","0.16","0.21","0.32","0.32",NULL,NULL,NULL,NULL,"2026-02-09 09:30:54.811402-03",NULL,"1",64,"2"
"236",2023,55,49,"89.00","202.00","0.16","0.31","0.41","0.12",NULL,NULL,NULL,NULL,"2026-02-09 09:30:54.811402-03",NULL,"1",65,"2"
"237",2023,142,131,"92.00","202.00","0.14","0.35","0.34","0.18",NULL,NULL,NULL,NULL,"2026-02-09 09:30:54.811402-03",NULL,"1",66,"2"
"238",2023,79,73,"92.00","185.00","0.26","0.41","0.27","0.05",NULL,NULL,NULL,NULL,"2026-02-09 09:30:54.811402-03",NULL,"1",43,"2"
"239",2023,15,16,"100.00","192.00","0.38","0.13","0.31","0.19",NULL,NULL,NULL,NULL,"2026-02-09 09:30:54.811402-03",NULL,"1",67,"2"
"240",2023,64,52,"81.00","188.00","0.23","0.42","0.21","0.13",NULL,NULL,NULL,NULL,"2026-02-09 09:30:54.811402-03",NULL,"1",58,"2"
"241",2023,24,25,"100.00","168.00","0.44","0.32","0.12","0.12",NULL,NULL,NULL,NULL,"2026-02-09 09:30:54.811402-03",NULL,"1",74,"2"
"242",2023,14,13,"93.00","231.00","0.00","0.23","0.54","0.23",NULL,NULL,NULL,NULL,"2026-02-09 09:30:54.811402-03",NULL,"1",75,"2"
"243",2023,54,45,"83.00","228.00","0.07","0.18","0.49","0.27",NULL,NULL,NULL,NULL,"2026-02-09 09:30:54.811402-03",NULL,"1",19,"2"
"244",2023,71,62,"87.00","200.00","0.23","0.23","0.42","0.13",NULL,NULL,NULL,NULL,"2026-02-09 09:30:54.811402-03",NULL,"1",76,"2"
"245",2023,21,15,"71.00","181.00","0.33","0.33","0.07","0.27",NULL,NULL,NULL,NULL,"2026-02-09 09:30:54.811402-03",NULL,"1",77,"2"
"246",2023,46,44,"96.00","201.00","0.20","0.32","0.25","0.23",NULL,NULL,NULL,NULL,"2026-02-09 09:30:54.811402-03",NULL,"1",78,"2"
"247",2023,21,18,"86.00","204.00","0.11","0.44","0.28","0.17",NULL,NULL,NULL,NULL,"2026-02-09 09:30:54.811402-03",NULL,"1",79,"2"
"248",2023,11,10,"91.00","215.00","0.00","0.30","0.40","0.30",NULL,NULL,NULL,NULL,"2026-02-09 09:30:54.811402-03",NULL,"1",80,"2"
"249",2023,17,15,"88.00","185.00","0.27","0.20","0.47","0.07",NULL,NULL,NULL,NULL,"2026-02-09 09:30:54.811402-03",NULL,"1",81,"2"
"250",2023,90,84,"93.00","203.00","0.17","0.38","0.23","0.23",NULL,NULL,NULL,NULL,"2026-02-09 09:30:54.811402-03",NULL,"1",68,"2"
"312",2023,43,35,"81.00","525.00","0.43","0.40","0.11","0.06",NULL,NULL,NULL,NULL,"2026-02-09 09:44:32.257394-03",NULL,"1",30,"1"
"313",2023,57,52,"91.00","560.00","0.25","0.40","0.17","0.17",NULL,NULL,NULL,NULL,"2026-02-09 09:44:32.257394-03",NULL,"1",72,"1"
"314",2023,31,26,"84.00","630.00","0.12","0.15","0.58","0.15",NULL,NULL,NULL,NULL,"2026-02-09 09:44:32.257394-03",NULL,"1",71,"1"
"315",2023,41,24,"59.00","565.00","0.29","0.38","0.25","0.08",NULL,NULL,NULL,NULL,"2026-02-09 09:44:32.257394-03",NULL,"1",73,"1"
"316",2023,73,75,"100.00","586.00","0.20","0.32","0.31","0.17",NULL,NULL,NULL,NULL,"2026-02-09 09:44:32.257394-03",NULL,"1",1,"1"
"317",2023,22,19,"86.00","692.00","0.05","0.00","0.26","0.68",NULL,NULL,NULL,NULL,"2026-02-09 09:44:32.257394-03",NULL,"1",2,"1"
"318",2023,91,83,"91.00","493.00","0.63","0.16","0.14","0.07",NULL,NULL,NULL,NULL,"2026-02-09 09:44:32.257394-03",NULL,"1",4,"1"
"319",2023,156,152,"97.00","566.00","0.30","0.29","0.30","0.11",NULL,NULL,NULL,NULL,"2026-02-09 09:44:32.257394-03",NULL,"1",6,"1"
"320",2023,62,57,"92.00","558.00","0.26","0.40","0.26","0.07",NULL,NULL,NULL,NULL,"2026-02-09 09:44:32.257394-03",NULL,"1",9,"1"
"321",2023,70,70,"100.00","614.00","0.17","0.26","0.34","0.23",NULL,NULL,NULL,NULL,"2026-02-09 09:44:32.257394-03",NULL,"1",10,"1"
"322",2023,17,17,"100.00","620.00","0.00","0.53","0.35","0.12",NULL,NULL,NULL,NULL,"2026-02-09 09:44:32.257394-03",NULL,"1",18,"1"
"323",2023,19,16,"84.00","497.00","0.63","0.06","0.31","0.00",NULL,NULL,NULL,NULL,"2026-02-09 09:44:32.257394-03",NULL,"1",31,"1"
"324",2023,16,15,"94.00","530.00","0.27","0.53","0.20","0.00",NULL,NULL,NULL,NULL,"2026-02-09 09:44:32.257394-03",NULL,"1",51,"1"
"325",2023,14,12,"86.00","711.00","0.08","0.17","0.00","0.75",NULL,NULL,NULL,NULL,"2026-02-09 09:44:32.257394-03",NULL,"1",7,"1"
"326",2023,22,18,"82.00","635.00","0.00","0.22","0.72","0.06",NULL,NULL,NULL,NULL,"2026-02-09 09:44:32.257394-03",NULL,"1",50,"1"
"327",2023,27,27,"100.00","687.00","0.00","0.07","0.44","0.48",NULL,NULL,NULL,NULL,"2026-02-09 09:44:32.257394-03",NULL,"1",20,"1"
"328",2023,13,14,"100.00","567.00","0.36","0.21","0.29","0.14",NULL,NULL,NULL,NULL,"2026-02-09 09:44:32.257394-03",NULL,"1",15,"1"
"329",2023,104,106,"100.00","593.00","0.21","0.27","0.41","0.11",NULL,NULL,NULL,NULL,"2026-02-09 09:44:32.257394-03",NULL,"1",16,"1"
"330",2023,27,25,"93.00","471.00","0.68","0.20","0.12","0.00",NULL,NULL,NULL,NULL,"2026-02-09 09:44:32.257394-03",NULL,"1",17,"1"
"331",2023,16,14,"88.00","554.00","0.21","0.43","0.29","0.07",NULL,NULL,NULL,NULL,"2026-02-09 09:44:32.257394-03",NULL,"1",32,"1"
"332",2023,73,65,"89.00","552.00","0.28","0.42","0.18","0.12",NULL,NULL,NULL,NULL,"2026-02-09 09:44:32.257394-03",NULL,"1",33,"1"
"333",2023,24,24,"100.00","567.00","0.29","0.33","0.29","0.08",NULL,NULL,NULL,NULL,"2026-02-09 09:44:32.257394-03",NULL,"1",34,"1"
"334",2023,58,53,"91.00","625.00","0.09","0.26","0.34","0.30",NULL,NULL,NULL,NULL,"2026-02-09 09:44:32.257394-03",NULL,"1",35,"1"
"335",2023,52,35,"67.00","519.00","0.51","0.17","0.20","0.11",NULL,NULL,NULL,NULL,"2026-02-09 09:44:32.257394-03",NULL,"1",36,"1"
"336",2023,75,63,"84.00","614.00","0.05","0.43","0.32","0.21",NULL,NULL,NULL,NULL,"2026-02-09 09:44:32.257394-03",NULL,"1",37,"1"
"337",2023,57,53,"93.00","543.00","0.42","0.23","0.28","0.08",NULL,NULL,NULL,NULL,"2026-02-09 09:44:32.257394-03",NULL,"1",38,"1"
"338",2023,11,10,"91.00","695.00","0.00","0.10","0.30","0.60",NULL,NULL,NULL,NULL,"2026-02-09 09:44:32.257394-03",NULL,"1",39,"1"
"339",2023,17,15,"88.00","570.00","0.40","0.13","0.20","0.27",NULL,NULL,NULL,NULL,"2026-02-09 09:44:32.257394-03",NULL,"1",41,"1"
"340",2023,24,24,"100.00","574.00","0.17","0.29","0.54","0.00",NULL,NULL,NULL,NULL,"2026-02-09 09:44:32.257394-03",NULL,"1",45,"1"
"341",2023,19,19,"100.00","560.00","0.26","0.47","0.26","0.00",NULL,NULL,NULL,NULL,"2026-02-09 09:44:32.257394-03",NULL,"1",46,"1"
"342",2023,50,46,"92.00","664.00","0.09","0.02","0.57","0.33",NULL,NULL,NULL,NULL,"2026-02-09 09:44:32.257394-03",NULL,"1",47,"1"
"343",2023,30,27,"90.00","647.00","0.04","0.15","0.67","0.15",NULL,NULL,NULL,NULL,"2026-02-09 09:44:32.257394-03",NULL,"1",48,"1"
"344",2023,83,79,"95.00","593.00","0.19","0.24","0.41","0.16",NULL,NULL,NULL,NULL,"2026-02-09 09:44:32.257394-03",NULL,"1",52,"1"
"345",2023,147,139,"95.00","534.00","0.38","0.37","0.17","0.08",NULL,NULL,NULL,NULL,"2026-02-09 09:44:32.257394-03",NULL,"1",53,"1"
"346",2023,23,19,"83.00","582.00","0.21","0.32","0.32","0.16",NULL,NULL,NULL,NULL,"2026-02-09 09:44:32.257394-03",NULL,"1",69,"1"
"347",2023,103,104,"100.00","548.00","0.40","0.23","0.23","0.13",NULL,NULL,NULL,NULL,"2026-02-09 09:44:32.257394-03",NULL,"1",70,"1"
"348",2023,14,14,"100.00","633.00","0.07","0.21","0.50","0.21",NULL,NULL,NULL,NULL,"2026-02-09 09:44:32.257394-03",NULL,"1",54,"1"
"349",2023,22,22,"100.00","502.00","0.59","0.27","0.14","0.00",NULL,NULL,NULL,NULL,"2026-02-09 09:44:32.257394-03",NULL,"1",55,"1"
"350",2023,154,143,"93.00","546.00","0.32","0.34","0.26","0.08",NULL,NULL,NULL,NULL,"2026-02-09 09:44:32.257394-03",NULL,"1",56,"1"
"351",2023,49,46,"94.00","588.00","0.26","0.17","0.39","0.17",NULL,NULL,NULL,NULL,"2026-02-09 09:44:32.257394-03",NULL,"1",57,"1"
"352",2023,46,41,"89.00","562.00","0.27","0.41","0.20","0.12",NULL,NULL,NULL,NULL,"2026-02-09 09:44:32.257394-03",NULL,"1",59,"1"
"353",2023,75,72,"96.00","509.00","0.51","0.25","0.17","0.07",NULL,NULL,NULL,NULL,"2026-02-09 09:44:32.257394-03",NULL,"1",60,"1"
"354",2023,28,25,"89.00","541.00","0.32","0.44","0.16","0.08",NULL,NULL,NULL,NULL,"2026-02-09 09:44:32.257394-03",NULL,"1",61,"1"
"355",2023,148,127,"86.00","519.00","0.40","0.37","0.19","0.04",NULL,NULL,NULL,NULL,"2026-02-09 09:44:32.257394-03",NULL,"1",29,"1"
"356",2023,42,41,"98.00","573.00","0.27","0.32","0.27","0.15",NULL,NULL,NULL,NULL,"2026-02-09 09:44:32.257394-03",NULL,"1",62,"1"
"357",2023,111,100,"90.00","534.00","0.42","0.33","0.17","0.08",NULL,NULL,NULL,NULL,"2026-02-09 09:44:32.257394-03",NULL,"1",63,"1"
"358",2023,58,54,"93.00","623.00","0.09","0.24","0.52","0.15",NULL,NULL,NULL,NULL,"2026-02-09 09:44:32.257394-03",NULL,"1",64,"1"
"359",2023,47,41,"87.00","507.00","0.49","0.39","0.10","0.02",NULL,NULL,NULL,NULL,"2026-02-09 09:44:32.257394-03",NULL,"1",65,"1"
"360",2023,82,76,"93.00","635.00","0.12","0.22","0.41","0.25",NULL,NULL,NULL,NULL,"2026-02-09 09:44:32.257394-03",NULL,"1",66,"1"
"361",2023,67,61,"91.00","508.00","0.46","0.34","0.18","0.02",NULL,NULL,NULL,NULL,"2026-02-09 09:44:32.257394-03",NULL,"1",43,"1"
"362",2023,21,21,"100.00","532.00","0.29","0.52","0.14","0.05",NULL,NULL,NULL,NULL,"2026-02-09 09:44:32.257394-03",NULL,"1",67,"1"
"363",2023,147,142,"97.00","553.00","0.35","0.30","0.21","0.13",NULL,NULL,NULL,NULL,"2026-02-09 09:44:32.257394-03",NULL,"1",12,"1"
"364",2023,51,44,"86.00","700.00","0.02","0.07","0.27","0.64",NULL,NULL,NULL,NULL,"2026-02-09 09:44:32.257394-03",NULL,"1",58,"1"
"365",2023,19,20,"100.00","525.00","0.35","0.45","0.20","0.00",NULL,NULL,NULL,NULL,"2026-02-09 09:44:32.257394-03",NULL,"1",74,"1"
"366",2023,14,10,"71.00","666.00","0.10","0.10","0.60","0.20",NULL,NULL,NULL,NULL,"2026-02-09 09:44:32.257394-03",NULL,"1",75,"1"
"367",2023,32,30,"94.00","698.00","0.03","0.13","0.33","0.50",NULL,NULL,NULL,NULL,"2026-02-09 09:44:32.257394-03",NULL,"1",19,"1"
"368",2023,79,77,"97.00","574.00","0.29","0.27","0.27","0.17",NULL,NULL,NULL,NULL,"2026-02-09 09:44:32.257394-03",NULL,"1",76,"1"
"369",2023,20,15,"75.00","703.00","0.00","0.07","0.40","0.53",NULL,NULL,NULL,NULL,"2026-02-09 09:44:32.257394-03",NULL,"1",77,"1"
"370",2023,54,50,"93.00","548.00","0.32","0.42","0.16","0.10",NULL,NULL,NULL,NULL,"2026-02-09 09:44:32.257394-03",NULL,"1",78,"1"
"371",2023,25,24,"96.00","768.00","0.00","0.00","0.17","0.83",NULL,NULL,NULL,NULL,"2026-02-09 09:44:32.257394-03",NULL,"1",79,"1"
"372",2023,114,105,"92.00","545.00","0.37","0.25","0.30","0.08",NULL,NULL,NULL,NULL,"2026-02-09 09:44:32.257394-03",NULL,"1",68,"1"
"373",2023,95,74,"78.00","249.00","0.18","0.51","0.23","0.08",NULL,NULL,NULL,NULL,"2026-02-09 10:13:02.224606-03",NULL,"1",8,"3"
"374",2023,147,139,"95.00","249.00","0.19","0.50","0.25","0.06",NULL,NULL,NULL,NULL,"2026-02-09 10:13:02.224606-03",NULL,"1",14,"3"
"375",2023,114,86,"75.00","234.00","0.31","0.37","0.30","0.01",NULL,NULL,NULL,NULL,"2026-02-09 10:13:02.224606-03",NULL,"1",30,"3"
"376",2023,79,73,"92.00","242.00","0.16","0.58","0.23","0.03",NULL,NULL,NULL,NULL,"2026-02-09 10:13:02.224606-03",NULL,"1",72,"3"
"377",2023,61,56,"92.00","263.00","0.07","0.54","0.30","0.09",NULL,NULL,NULL,NULL,"2026-02-09 10:13:02.224606-03",NULL,"1",1,"3"
"378",2023,81,75,"93.00","230.00","0.27","0.59","0.13","0.01",NULL,NULL,NULL,NULL,"2026-02-09 10:13:02.224606-03",NULL,"1",2,"3"
"379",2023,29,28,"97.00","239.00","0.21","0.61","0.18","0.00",NULL,NULL,NULL,NULL,"2026-02-09 10:13:02.224606-03",NULL,"1",3,"3"
"380",2023,40,37,"93.00","241.00","0.16","0.65","0.19","0.00",NULL,NULL,NULL,NULL,"2026-02-09 10:13:02.224606-03",NULL,"1",4,"3"
"381",2023,31,28,"90.00","207.00","0.46","0.50","0.04","0.00",NULL,NULL,NULL,NULL,"2026-02-09 10:13:02.224606-03",NULL,"1",5,"3"
"382",2023,58,52,"90.00","239.00","0.27","0.46","0.23","0.04",NULL,NULL,NULL,NULL,"2026-02-09 10:13:02.224606-03",NULL,"1",9,"3"
"383",2023,13,11,"85.00","215.00","0.36","0.55","0.09","0.00",NULL,NULL,NULL,NULL,"2026-02-09 10:13:02.224606-03",NULL,"1",51,"3"
"384",2023,22,19,"86.00","260.00","0.16","0.47","0.21","0.16",NULL,NULL,NULL,NULL,"2026-02-09 10:13:02.224606-03",NULL,"1",7,"3"
"385",2023,13,11,"85.00","232.00","0.36","0.45","0.18","0.00",NULL,NULL,NULL,NULL,"2026-02-09 10:13:02.224606-03",NULL,"1",13,"3"
"386",2023,25,20,"80.00","248.00","0.00","0.70","0.25","0.05",NULL,NULL,NULL,NULL,"2026-02-09 10:13:02.224606-03",NULL,"1",17,"3"
"387",2023,41,34,"83.00","238.00","0.26","0.47","0.24","0.03",NULL,NULL,NULL,NULL,"2026-02-09 10:13:02.224606-03",NULL,"1",34,"3"
"388",2023,23,22,"96.00","255.00","0.18","0.41","0.36","0.05",NULL,NULL,NULL,NULL,"2026-02-09 10:13:02.224606-03",NULL,"1",38,"3"
"389",2023,21,20,"95.00","235.00","0.25","0.60","0.15","0.00",NULL,NULL,NULL,NULL,"2026-02-09 10:13:02.224606-03",NULL,"1",39,"3"
"390",2023,11,11,"100.00","217.00","0.36","0.55","0.09","0.00",NULL,NULL,NULL,NULL,"2026-02-09 10:13:02.224606-03",NULL,"1",41,"3"
"391",2023,90,75,"83.00","253.00","0.19","0.45","0.28","0.08",NULL,NULL,NULL,NULL,"2026-02-09 10:13:02.224606-03",NULL,"1",49,"3"
"392",2023,10,10,"100.00","272.00","0.10","0.50","0.30","0.10",NULL,NULL,NULL,NULL,"2026-02-09 10:13:02.224606-03",NULL,"1",54,"3"
"393",2023,28,29,"100.00","247.00","0.17","0.59","0.24","0.00",NULL,NULL,NULL,NULL,"2026-02-09 10:13:02.224606-03",NULL,"1",55,"3"
"394",2023,57,52,"91.00","222.00","0.29","0.56","0.15","0.00",NULL,NULL,NULL,NULL,"2026-02-09 10:13:02.224606-03",NULL,"1",59,"3"
"395",2023,71,62,"87.00","219.00","0.35","0.52","0.11","0.02",NULL,NULL,NULL,NULL,"2026-02-09 10:13:02.224606-03",NULL,"1",28,"3"
"396",2023,34,31,"91.00","228.00","0.35","0.39","0.23","0.03",NULL,NULL,NULL,NULL,"2026-02-09 10:13:02.224606-03",NULL,"1",60,"3"
"397",2023,81,75,"93.00","245.00","0.16","0.67","0.12","0.05",NULL,NULL,NULL,NULL,"2026-02-09 10:13:02.224606-03",NULL,"1",61,"3"
"398",2023,50,46,"92.00","236.00","0.24","0.59","0.15","0.02",NULL,NULL,NULL,NULL,"2026-02-09 10:13:02.224606-03",NULL,"1",62,"3"
"399",2023,69,49,"71.00","229.00","0.35","0.39","0.22","0.04",NULL,NULL,NULL,NULL,"2026-02-09 10:13:02.224606-03",NULL,"1",58,"3"
"400",2023,41,35,"85.00","246.00","0.20","0.51","0.26","0.03",NULL,NULL,NULL,NULL,"2026-02-09 10:13:02.224606-03",NULL,"1",74,"3"
"401",2023,11,10,"91.00","245.00","0.30","0.20","0.50","0.00",NULL,NULL,NULL,NULL,"2026-02-09 10:13:02.224606-03",NULL,"1",21,"3"
"402",2023,22,17,"77.00","261.00","0.18","0.41","0.35","0.06",NULL,NULL,NULL,NULL,"2026-02-09 10:13:02.224606-03",NULL,"1",19,"3"
"403",2023,50,49,"98.00","243.00","0.18","0.53","0.27","0.02",NULL,NULL,NULL,NULL,"2026-02-09 10:13:02.224606-03",NULL,"1",76,"3"
"404",2023,82,78,"95.00","236.00","0.26","0.47","0.24","0.03",NULL,NULL,NULL,NULL,"2026-02-09 10:13:02.224606-03",NULL,"1",78,"3"
"405",2023,15,13,"87.00","267.00","0.08","0.38","0.46","0.08",NULL,NULL,NULL,NULL,"2026-02-09 10:13:02.224606-03",NULL,"1",79,"3"
"406",2023,63,56,"89.00","239.00","0.25","0.48","0.21","0.05",NULL,NULL,NULL,NULL,"2026-02-09 10:13:02.224606-03",NULL,"1",68,"3"
"407",2023,95,74,"78.00","249.00","0.32","0.54","0.11","0.03",NULL,NULL,NULL,NULL,"2026-02-09 10:23:40.184422-03",NULL,"2",8,"3"
"408",2023,147,139,"95.00","261.00","0.19","0.65","0.15","0.01",NULL,NULL,NULL,NULL,"2026-02-09 10:23:40.184422-03",NULL,"2",14,"3"
"409",2023,114,85,"75.00","234.00","0.45","0.45","0.11","0.00",NULL,NULL,NULL,NULL,"2026-02-09 10:23:40.184422-03",NULL,"2",30,"3"
"410",2023,79,73,"92.00","238.00","0.40","0.51","0.08","0.01",NULL,NULL,NULL,NULL,"2026-02-09 10:23:40.184422-03",NULL,"2",72,"3"
"411",2023,61,56,"92.00","263.00","0.23","0.45","0.32","0.00",NULL,NULL,NULL,NULL,"2026-02-09 10:23:40.184422-03",NULL,"2",1,"3"
"412",2023,81,75,"93.00","240.00","0.44","0.44","0.09","0.03",NULL,NULL,NULL,NULL,"2026-02-09 10:23:40.184422-03",NULL,"2",2,"3"
"413",2023,29,28,"97.00","229.00","0.50","0.43","0.07","0.00",NULL,NULL,NULL,NULL,"2026-02-09 10:23:40.184422-03",NULL,"2",3,"3"
"414",2023,40,37,"93.00","226.00","0.46","0.54","0.00","0.00",NULL,NULL,NULL,NULL,"2026-02-09 10:23:40.184422-03",NULL,"2",4,"3"
"415",2023,31,28,"90.00","215.00","0.61","0.39","0.00","0.00",NULL,NULL,NULL,NULL,"2026-02-09 10:23:40.184422-03",NULL,"2",5,"3"
"416",2023,58,52,"90.00","234.00","0.33","0.62","0.06","0.00",NULL,NULL,NULL,NULL,"2026-02-09 10:23:40.184422-03",NULL,"2",9,"3"
"417",2023,13,11,"85.00","235.00","0.36","0.55","0.09","0.00",NULL,NULL,NULL,NULL,"2026-02-09 10:23:40.184422-03",NULL,"2",51,"3"
"418",2023,22,19,"86.00","255.00","0.16","0.68","0.16","0.00",NULL,NULL,NULL,NULL,"2026-02-09 10:23:40.184422-03",NULL,"2",7,"3"
"419",2023,13,12,"92.00","238.00","0.50","0.50","0.00","0.00",NULL,NULL,NULL,NULL,"2026-02-09 10:23:40.184422-03",NULL,"2",13,"3"
"420",2023,25,20,"80.00","239.00","0.40","0.55","0.00","0.05",NULL,NULL,NULL,NULL,"2026-02-09 10:23:40.184422-03",NULL,"2",17,"3"
"421",2023,41,34,"83.00","245.00","0.26","0.68","0.06","0.00",NULL,NULL,NULL,NULL,"2026-02-09 10:23:40.184422-03",NULL,"2",34,"3"
"422",2023,23,22,"96.00","265.00","0.14","0.68","0.18","0.00",NULL,NULL,NULL,NULL,"2026-02-09 10:23:40.184422-03",NULL,"2",38,"3"
"423",2023,21,20,"95.00","235.00","0.40","0.60","0.00","0.00",NULL,NULL,NULL,NULL,"2026-02-09 10:23:40.184422-03",NULL,"2",39,"3"
"424",2023,11,11,"100.00","215.00","0.73","0.27","0.00","0.00",NULL,NULL,NULL,NULL,"2026-02-09 10:23:40.184422-03",NULL,"2",41,"3"
"425",2023,90,75,"83.00","249.00","0.36","0.52","0.11","0.01",NULL,NULL,NULL,NULL,"2026-02-09 10:23:40.184422-03",NULL,"2",49,"3"
"426",2023,10,10,"100.00","276.00","0.00","0.80","0.20","0.00",NULL,NULL,NULL,NULL,"2026-02-09 10:23:40.184422-03",NULL,"2",54,"3"
"427",2023,28,29,"100.00","249.00","0.34","0.48","0.14","0.03",NULL,NULL,NULL,NULL,"2026-02-09 10:23:40.184422-03",NULL,"2",55,"3"
"428",2023,57,52,"91.00","243.00","0.27","0.69","0.04","0.00",NULL,NULL,NULL,NULL,"2026-02-09 10:23:40.184422-03",NULL,"2",59,"3"
"429",2023,71,62,"87.00","234.00","0.44","0.42","0.13","0.02",NULL,NULL,NULL,NULL,"2026-02-09 10:23:40.184422-03",NULL,"2",28,"3"
"430",2023,34,31,"91.00","229.00","0.45","0.48","0.06","0.00",NULL,NULL,NULL,NULL,"2026-02-09 10:23:40.184422-03",NULL,"2",60,"3"
"431",2023,81,75,"93.00","239.00","0.37","0.53","0.09","0.00",NULL,NULL,NULL,NULL,"2026-02-09 10:23:40.184422-03",NULL,"2",61,"3"
"432",2023,50,46,"92.00","238.00","0.30","0.65","0.04","0.00",NULL,NULL,NULL,NULL,"2026-02-09 10:23:40.184422-03",NULL,"2",62,"3"
"433",2023,69,49,"71.00","230.00","0.55","0.37","0.08","0.00",NULL,NULL,NULL,NULL,"2026-02-09 10:23:40.184422-03",NULL,"2",58,"3"
"434",2023,41,35,"85.00","237.00","0.37","0.54","0.09","0.00",NULL,NULL,NULL,NULL,"2026-02-09 10:23:40.184422-03",NULL,"2",74,"3"
"435",2023,11,10,"91.00","256.00","0.10","0.70","0.10","0.10",NULL,NULL,NULL,NULL,"2026-02-09 10:23:40.184422-03",NULL,"2",21,"3"
"436",2023,22,17,"77.00","259.00","0.29","0.41","0.29","0.00",NULL,NULL,NULL,NULL,"2026-02-09 10:23:40.184422-03",NULL,"2",19,"3"
"437",2023,50,49,"98.00","242.00","0.37","0.55","0.08","0.00",NULL,NULL,NULL,NULL,"2026-02-09 10:23:40.184422-03",NULL,"2",76,"3"
"438",2023,82,78,"95.00","236.00","0.41","0.51","0.08","0.00",NULL,NULL,NULL,NULL,"2026-02-09 10:23:40.184422-03",NULL,"2",78,"3"
"439",2023,15,13,"87.00","255.00","0.31","0.46","0.23","0.00",NULL,NULL,NULL,NULL,"2026-02-09 10:23:40.184422-03",NULL,"2",79,"3"
"440",2023,63,56,"89.00","241.00","0.34","0.57","0.09","0.00",NULL,NULL,NULL,NULL,"2026-02-09 10:23:40.184422-03",NULL,"2",68,"3"
"618",2024,48,47,"97.92","712.09","31.22","43.10","20.82","4.86",NULL,NULL,NULL,NULL,"2026-02-10 09:51:00.411997-03",NULL,"2",10,"1"
"619",2024,145,122,"84.14","706.96","39.64","35.14","22.41","2.81",NULL,NULL,NULL,NULL,"2026-02-10 09:51:00.411997-03",NULL,"2",56,"1"
"620",2024,38,29,"76.32","734.48","15.78","41.12","43.10","0.00",NULL,NULL,NULL,NULL,"2026-02-10 09:51:00.411997-03",NULL,"2",71,"1"
"621",2024,62,54,"87.10","705.71","46.78","28.44","16.14","8.63",NULL,NULL,NULL,NULL,"2026-02-10 09:51:00.411997-03",NULL,"2",60,"1"
"622",2024,58,47,"81.03","728.84","20.83","38.07","26.94","14.16",NULL,NULL,NULL,NULL,"2026-02-10 09:51:00.411997-03",NULL,"2",57,"1"
"623",2024,44,41,"93.18","756.21","11.02","30.56","42.50","15.93",NULL,NULL,NULL,NULL,"2026-02-10 09:51:00.411997-03",NULL,"2",1,"1"
"624",2024,69,64,"92.75","740.44","28.03","27.49","19.57","24.92",NULL,NULL,NULL,NULL,"2026-02-10 09:51:00.411997-03",NULL,"2",64,"1"
"625",2024,28,24,"85.71","689.11","71.78","13.38","4.80","10.04",NULL,NULL,NULL,NULL,"2026-02-10 09:51:00.411997-03",NULL,"2",61,"1"
"626",2024,104,99,"95.19","724.28","25.98","40.26","25.75","8.01",NULL,NULL,NULL,NULL,"2026-02-10 09:51:00.411997-03",NULL,"2",63,"1"
"627",2024,31,28,"90.32","692.72","54.28","29.64","16.09","0.00",NULL,NULL,NULL,NULL,"2026-02-10 09:51:00.411997-03",NULL,"2",65,"1"
"628",2024,16,9,"56.25","678.52","75.92","24.08","0.00","0.00",NULL,NULL,NULL,NULL,"2026-02-10 09:51:00.411997-03",NULL,"2",2,"1"
"629",2024,63,59,"93.65","751.71","11.92","34.27","31.44","22.37",NULL,NULL,NULL,NULL,"2026-02-10 09:51:00.411997-03",NULL,"2",78,"1"
"630",2024,45,38,"84.44","729.03","28.81","34.15","22.27","14.77",NULL,NULL,NULL,NULL,"2026-02-10 09:51:00.411997-03",NULL,"2",58,"1"
"631",2024,58,52,"89.66","695.47","52.74","25.95","18.99","2.33",NULL,NULL,NULL,NULL,"2026-02-10 09:51:00.411997-03",NULL,"2",33,"1"
"632",2024,41,33,"80.49","682.15","69.96","19.30","3.36","7.38",NULL,NULL,NULL,NULL,"2026-02-10 09:51:00.411997-03",NULL,"2",36,"1"
"633",2024,66,51,"77.27","702.21","40.07","44.60","8.46","6.87",NULL,NULL,NULL,NULL,"2026-02-10 09:51:00.411997-03",NULL,"2",37,"1"
"634",2024,44,38,"86.36","713.21","24.15","53.25","19.64","2.96",NULL,NULL,NULL,NULL,"2026-02-10 09:51:00.411997-03",NULL,"2",38,"1"
"635",2024,14,13,"92.86","724.73","27.96","39.39","24.13","8.53",NULL,NULL,NULL,NULL,"2026-02-10 09:51:00.411997-03",NULL,"2",45,"1"
"636",2024,41,38,"92.68","722.49","23.68","42.40","28.00","5.92",NULL,NULL,NULL,NULL,"2026-02-10 09:51:00.411997-03",NULL,"2",47,"1"
"637",2024,81,66,"81.48","683.93","67.31","27.29","1.78","3.63",NULL,NULL,NULL,NULL,"2026-02-10 09:51:00.411997-03",NULL,"2",52,"1"
"638",2024,66,56,"84.85","733.62","26.30","31.81","26.11","15.78",NULL,NULL,NULL,NULL,"2026-02-10 09:51:00.411997-03",NULL,"2",35,"1"
"639",2024,108,91,"84.26","746.59","12.80","32.06","46.75","8.39",NULL,NULL,NULL,NULL,"2026-02-10 09:51:00.411997-03",NULL,"2",68,"1"
"640",2024,31,31,"100.00","676.74","58.64","37.78","3.58","0.00",NULL,NULL,NULL,NULL,"2026-02-10 09:51:00.411997-03",NULL,"2",72,"1"
"641",2024,47,38,"80.85","731.56","24.07","31.30","41.74","2.89",NULL,NULL,NULL,NULL,"2026-02-10 09:51:00.411997-03",NULL,"2",73,"1"
"642",2024,107,100,"93.46","707.50","41.40","40.90","13.07","4.63",NULL,NULL,NULL,NULL,"2026-02-10 09:51:00.411997-03",NULL,"2",29,"1"
"643",2024,28,23,"82.14","680.05","63.26","36.74","0.00","0.00",NULL,NULL,NULL,NULL,"2026-02-10 09:51:00.411997-03",NULL,"2",31,"1"
"644",2024,19,17,"89.47","812.00","0.00","0.00","28.12","71.88",NULL,NULL,NULL,NULL,"2026-02-10 09:51:00.411997-03",NULL,"2",39,"1"
"645",2024,17,13,"76.47","808.73","0.00","7.11","14.80","78.09",NULL,NULL,NULL,NULL,"2026-02-10 09:51:00.411997-03",NULL,"2",67,"1"
"646",2024,24,24,"100.00","756.62","14.82","16.06","51.01","18.11",NULL,NULL,NULL,NULL,"2026-02-10 09:51:00.411997-03",NULL,"2",50,"1"
"647",2024,27,24,"88.89","738.24","19.31","40.99","35.01","4.69",NULL,NULL,NULL,NULL,"2026-02-10 09:51:00.411997-03",NULL,"2",48,"1"
"648",2024,14,13,"92.86","744.61","20.57","7.44","63.68","8.30",NULL,NULL,NULL,NULL,"2026-02-10 09:51:00.411997-03",NULL,"2",79,"1"
"649",2024,14,11,"78.57","821.54","0.00","0.00","17.21","82.79",NULL,NULL,NULL,NULL,"2026-02-10 09:51:00.411997-03",NULL,"2",15,"1"
"650",2024,12,10,"83.33","702.97","56.49","21.06","10.96","11.49",NULL,NULL,NULL,NULL,"2026-02-10 09:51:00.411997-03",NULL,"2",17,"1"
"651",2024,83,66,"79.52","720.49","25.49","51.50","19.60","3.41",NULL,NULL,NULL,NULL,"2026-02-10 09:51:00.411997-03",NULL,"2",76,"1"
"652",2024,13,12,"92.31","696.58","55.54","17.10","27.37","0.00",NULL,NULL,NULL,NULL,"2026-02-10 09:51:00.411997-03",NULL,"2",41,"1"
"653",2024,22,21,"95.45","684.61","64.57","30.09","5.33","0.00",NULL,NULL,NULL,NULL,"2026-02-10 09:51:00.411997-03",NULL,"2",77,"1"
"654",2024,16,14,"87.50","707.75","46.79","21.68","31.53","0.00",NULL,NULL,NULL,NULL,"2026-02-10 09:51:00.411997-03",NULL,"2",51,"1"
"655",2024,50,43,"86.00","776.51","0.00","15.23","62.56","22.21",NULL,NULL,NULL,NULL,"2026-02-10 09:51:00.411997-03",NULL,"2",40,"1"
"656",2024,11,9,"81.82","683.27","76.48","23.52","0.00","0.00",NULL,NULL,NULL,NULL,"2026-02-10 09:51:00.411997-03",NULL,"2",5,"1"
"657",2024,24,22,"91.67","727.71","25.49","35.94","33.46","5.12",NULL,NULL,NULL,NULL,"2026-02-10 09:51:00.411997-03",NULL,"2",34,"1"
"658",2024,15,13,"86.67","692.61","51.25","31.33","8.42","9.00",NULL,NULL,NULL,NULL,"2026-02-10 09:51:00.411997-03",NULL,"2",44,"1"
"659",2024,17,14,"82.35","714.79","33.83","43.19","22.98","0.00",NULL,NULL,NULL,NULL,"2026-02-10 09:51:00.411997-03",NULL,"2",46,"1"
"660",2024,33,31,"93.94","699.88","49.05","36.99","13.96","0.00",NULL,NULL,NULL,NULL,"2026-02-10 09:51:00.411997-03",NULL,"2",59,"1"
"661",2024,11,11,"100.00","780.92","8.06","8.54","45.31","38.09",NULL,NULL,NULL,NULL,"2026-02-10 09:51:00.411997-03",NULL,"2",54,"1"
"662",2024,15,14,"93.33","711.40","47.55","36.55","7.61","8.29",NULL,NULL,NULL,NULL,"2026-02-10 09:51:00.411997-03",NULL,"2",55,"1"
"663",2024,13,9,"69.23","753.03","9.89","43.57","22.63","23.91",NULL,NULL,NULL,NULL,"2026-02-10 09:51:00.411997-03",NULL,"2",74,"1"
"664",2024,101,81,"80.20","709.96","37.75","38.99","16.06","7.20",NULL,NULL,NULL,NULL,"2026-02-10 09:51:00.411997-03",NULL,"2",4,"1"
"665",2024,38,34,"89.47","741.02","7.88","54.71","27.76","9.65",NULL,NULL,NULL,NULL,"2026-02-10 09:51:00.411997-03",NULL,"2",62,"1"
"666",2024,119,97,"81.51","732.42","22.58","36.73","29.20","11.49",NULL,NULL,NULL,NULL,"2026-02-10 09:51:00.411997-03",NULL,"2",66,"1"
"667",2024,150,133,"88.67","715.54","31.36","48.01","14.63","6.01",NULL,NULL,NULL,NULL,"2026-02-10 09:51:00.411997-03",NULL,"2",53,"1"
"668",2024,118,106,"89.83","730.90","23.93","32.69","33.88","9.50",NULL,NULL,NULL,NULL,"2026-02-10 09:51:00.411997-03",NULL,"2",16,"1"
"669",2024,107,98,"91.59","703.48","41.08","36.59","19.99","2.34",NULL,NULL,NULL,NULL,"2026-02-10 09:51:00.411997-03",NULL,"2",70,"1"
"670",2024,14,13,"92.86","711.01","43.70","31.23","25.06","0.00",NULL,NULL,NULL,NULL,"2026-02-10 09:51:00.411997-03",NULL,"2",69,"1"
"671",2024,24,20,"83.33","743.33","17.73","29.29","30.81","22.17",NULL,NULL,NULL,NULL,"2026-02-10 09:51:00.411997-03",NULL,"2",75,"1"
"672",2024,167,155,"92.81","710.41","42.09","33.59","17.56","6.76",NULL,NULL,NULL,NULL,"2026-02-10 09:51:00.411997-03",NULL,"2",6,"1"
"673",2024,41,36,"87.80","735.86","20.44","41.30","28.98","9.28",NULL,NULL,NULL,NULL,"2026-02-10 09:51:00.411997-03",NULL,"2",20,"1"
"674",2024,60,56,"93.33","752.01","20.53","19.04","31.13","29.30",NULL,NULL,NULL,NULL,"2026-02-10 09:51:00.411997-03",NULL,"2",19,"1"
"675",2024,90,84,"93.33","743.52","21.51","30.09","23.42","24.99",NULL,NULL,NULL,NULL,"2026-02-10 09:51:00.411997-03",NULL,"2",12,"1"
"676",2024,73,53,"72.60","781.26","3.18","15.92","43.45","37.45",NULL,NULL,NULL,NULL,"2026-02-10 09:51:00.411997-03",NULL,"2",43,"1"
"677",2024,48,45,"93.75","732.85","24.85","35.04","37.68","2.43",NULL,NULL,NULL,NULL,"2026-02-10 09:53:03.639611-03",NULL,"1",10,"1"
"678",2024,146,121,"82.88","714.19","36.45","35.85","26.75","0.94",NULL,NULL,NULL,NULL,"2026-02-10 09:53:03.639611-03",NULL,"1",56,"1"
"679",2024,38,27,"71.05","721.09","41.43","18.54","35.85","4.19",NULL,NULL,NULL,NULL,"2026-02-10 09:53:03.639611-03",NULL,"1",71,"1"
"680",2024,61,46,"75.41","705.29","45.22","37.90","16.89","0.00",NULL,NULL,NULL,NULL,"2026-02-10 09:53:03.639611-03",NULL,"1",60,"1"
"681",2024,58,47,"81.03","723.98","23.76","44.72","31.51","0.00",NULL,NULL,NULL,NULL,"2026-02-10 09:53:03.639611-03",NULL,"1",57,"1"
"682",2024,45,35,"77.78","730.77","21.22","33.79","41.84","3.15",NULL,NULL,NULL,NULL,"2026-02-10 09:53:03.639611-03",NULL,"1",1,"1"
"683",2024,69,63,"91.30","710.51","40.71","47.22","10.26","1.82",NULL,NULL,NULL,NULL,"2026-02-10 09:53:03.639611-03",NULL,"1",64,"1"
"684",2024,28,25,"89.29","694.38","57.08","24.81","13.49","4.62",NULL,NULL,NULL,NULL,"2026-02-10 09:53:03.639611-03",NULL,"1",61,"1"
"685",2024,104,100,"96.15","719.22","32.76","40.25","24.76","2.23",NULL,NULL,NULL,NULL,"2026-02-10 09:53:03.639611-03",NULL,"1",63,"1"
"686",2024,31,28,"90.32","716.06","44.07","28.69","27.24","0.00",NULL,NULL,NULL,NULL,"2026-02-10 09:53:03.639611-03",NULL,"1",65,"1"
"687",2024,15,11,"73.33","677.58","81.13","18.87","0.00","0.00",NULL,NULL,NULL,NULL,"2026-02-10 09:53:03.639611-03",NULL,"1",2,"1"
"688",2024,63,56,"88.89","719.40","33.61","37.75","24.67","3.98",NULL,NULL,NULL,NULL,"2026-02-10 09:53:03.639611-03",NULL,"1",78,"1"
"689",2024,45,36,"80.00","726.75","23.23","44.45","32.32","0.00",NULL,NULL,NULL,NULL,"2026-02-10 09:53:03.639611-03",NULL,"1",58,"1"
"690",2024,58,50,"86.21","699.11","55.66","28.91","15.43","0.00",NULL,NULL,NULL,NULL,"2026-02-10 09:53:03.639611-03",NULL,"1",33,"1"
"691",2024,42,35,"83.33","694.96","57.30","26.65","9.40","6.65",NULL,NULL,NULL,NULL,"2026-02-10 09:53:03.639611-03",NULL,"1",36,"1"
"692",2024,65,54,"83.08","711.56","33.27","48.67","18.06","0.00",NULL,NULL,NULL,NULL,"2026-02-10 09:53:03.639611-03",NULL,"1",37,"1"
"693",2024,44,38,"86.36","707.81","42.33","40.37","17.30","0.00",NULL,NULL,NULL,NULL,"2026-02-10 09:53:03.639611-03",NULL,"1",38,"1"
"694",2024,14,13,"92.86","753.95","0.00","45.01","54.99","0.00",NULL,NULL,NULL,NULL,"2026-02-10 09:53:03.639611-03",NULL,"1",45,"1"
"695",2024,41,38,"92.68","722.30","29.49","39.67","27.87","2.96",NULL,NULL,NULL,NULL,"2026-02-10 09:53:03.639611-03",NULL,"1",47,"1"
"696",2024,82,73,"89.02","704.79","55.60","29.34","13.50","1.56",NULL,NULL,NULL,NULL,"2026-02-10 09:53:03.639611-03",NULL,"1",52,"1"
"697",2024,69,37,"53.62","731.10","22.57","45.78","25.71","5.93",NULL,NULL,NULL,NULL,"2026-02-10 09:53:03.639611-03",NULL,"1",35,"1"
"698",2024,105,90,"85.71","725.79","28.08","43.46","24.77","3.70",NULL,NULL,NULL,NULL,"2026-02-10 09:53:03.639611-03",NULL,"1",68,"1"
"699",2024,31,26,"83.87","717.05","32.35","38.84","24.51","4.30",NULL,NULL,NULL,NULL,"2026-02-10 09:53:03.639611-03",NULL,"1",72,"1"
"700",2024,47,38,"80.85","704.50","50.09","32.43","14.48","3.00",NULL,NULL,NULL,NULL,"2026-02-10 09:53:03.639611-03",NULL,"1",73,"1"
"701",2024,110,98,"89.09","707.61","41.70","41.79","16.50","0.00",NULL,NULL,NULL,NULL,"2026-02-10 09:53:03.639611-03",NULL,"1",29,"1"
"702",2024,28,21,"75.00","692.98","54.95","39.82","5.22","0.00",NULL,NULL,NULL,NULL,"2026-02-10 09:53:03.639611-03",NULL,"1",31,"1"
"703",2024,19,17,"89.47","763.34","0.00","28.01","59.65","12.34",NULL,NULL,NULL,NULL,"2026-02-10 09:53:03.639611-03",NULL,"1",39,"1"
"704",2024,17,11,"64.71","739.81","17.01","45.18","37.80","0.00",NULL,NULL,NULL,NULL,"2026-02-10 09:53:03.639611-03",NULL,"1",67,"1"
"705",2024,24,23,"95.83","714.06","28.89","56.93","14.19","0.00",NULL,NULL,NULL,NULL,"2026-02-10 09:53:03.639611-03",NULL,"1",50,"1"
"706",2024,27,21,"77.78","740.66","13.41","46.66","34.75","5.17",NULL,NULL,NULL,NULL,"2026-02-10 09:53:03.639611-03",NULL,"1",48,"1"
"707",2024,14,14,"100.00","724.29","20.02","57.02","15.06","7.90",NULL,NULL,NULL,NULL,"2026-02-10 09:53:03.639611-03",NULL,"1",79,"1"
"708",2024,14,12,"85.71","754.37","7.49","32.34","51.16","9.01",NULL,NULL,NULL,NULL,"2026-02-10 09:53:03.639611-03",NULL,"1",15,"1"
"709",2024,13,10,"76.92","725.68","18.60","60.30","21.10","0.00",NULL,NULL,NULL,NULL,"2026-02-10 09:53:03.639611-03",NULL,"1",17,"1"
"710",2024,83,63,"75.90","699.79","56.33","36.55","7.13","0.00",NULL,NULL,NULL,NULL,"2026-02-10 09:53:03.639611-03",NULL,"1",76,"1"
"711",2024,13,9,"69.23","679.54","88.15","11.85","0.00","0.00",NULL,NULL,NULL,NULL,"2026-02-10 09:53:03.639611-03",NULL,"1",41,"1"
"712",2024,22,19,"86.36","683.92","83.41","16.59","0.00","0.00",NULL,NULL,NULL,NULL,"2026-02-10 09:53:03.639611-03",NULL,"1",77,"1"
"713",2024,16,14,"87.50","726.21","19.98","64.96","15.06","0.00",NULL,NULL,NULL,NULL,"2026-02-10 09:53:03.639611-03",NULL,"1",51,"1"
"714",2024,51,44,"86.27","711.47","38.77","41.52","17.14","2.56",NULL,NULL,NULL,NULL,"2026-02-10 09:53:03.639611-03",NULL,"1",40,"1"
"715",2024,11,11,"100.00","666.34","100.00","0.00","0.00","0.00",NULL,NULL,NULL,NULL,"2026-02-10 09:53:03.639611-03",NULL,"1",5,"1"
"716",2024,24,21,"87.50","726.55","35.66","24.11","40.23","0.00",NULL,NULL,NULL,NULL,"2026-02-10 09:53:03.639611-03",NULL,"1",34,"1"
"717",2024,15,11,"73.33","724.26","25.53","54.87","19.59","0.00",NULL,NULL,NULL,NULL,"2026-02-10 09:53:03.639611-03",NULL,"1",44,"1"
"718",2024,17,15,"88.24","713.24","50.73","20.39","28.87","0.00",NULL,NULL,NULL,NULL,"2026-02-10 09:53:03.639611-03",NULL,"1",46,"1"
"719",2024,33,29,"87.88","707.69","42.65","38.72","18.63","0.00",NULL,NULL,NULL,NULL,"2026-02-10 09:53:03.639611-03",NULL,"1",59,"1"
"720",2024,11,11,"100.00","735.46","25.45","27.45","47.10","0.00",NULL,NULL,NULL,NULL,"2026-02-10 09:53:03.639611-03",NULL,"1",54,"1"
"721",2024,15,14,"93.33","705.46","47.68","29.05","23.27","0.00",NULL,NULL,NULL,NULL,"2026-02-10 09:53:03.639611-03",NULL,"1",55,"1"
"722",2024,13,9,"69.23","713.39","30.62","45.80","23.58","0.00",NULL,NULL,NULL,NULL,"2026-02-10 09:53:03.639611-03",NULL,"1",74,"1"
"723",2024,104,77,"74.04","691.36","64.21","25.64","10.16","0.00",NULL,NULL,NULL,NULL,"2026-02-10 09:53:03.639611-03",NULL,"1",4,"1"
"724",2024,39,33,"84.62","723.80","25.66","45.60","28.74","0.00",NULL,NULL,NULL,NULL,"2026-02-10 09:53:03.639611-03",NULL,"1",62,"1"
"725",2024,119,102,"85.71","729.41","26.43","37.10","32.12","4.34",NULL,NULL,NULL,NULL,"2026-02-10 09:53:03.639611-03",NULL,"1",66,"1"
"726",2024,151,128,"84.77","723.42","28.45","39.91","30.77","0.87",NULL,NULL,NULL,NULL,"2026-02-10 09:53:03.639611-03",NULL,"1",53,"1"
"727",2024,117,107,"91.45","729.05","27.66","35.54","30.61","6.18",NULL,NULL,NULL,NULL,"2026-02-10 09:53:03.639611-03",NULL,"1",16,"1"
"728",2024,107,95,"88.79","710.74","39.59","37.64","21.58","1.19",NULL,NULL,NULL,NULL,"2026-02-10 09:53:03.639611-03",NULL,"1",70,"1"
"729",2024,14,14,"100.00","722.30","33.65","43.30","23.05","0.00",NULL,NULL,NULL,NULL,"2026-02-10 09:53:03.639611-03",NULL,"1",69,"1"
"730",2024,23,15,"65.22","738.86","24.57","26.39","49.04","0.00",NULL,NULL,NULL,NULL,"2026-02-10 09:53:03.639611-03",NULL,"1",75,"1"
"731",2024,167,149,"89.22","702.30","49.29","33.90","16.81","0.00",NULL,NULL,NULL,NULL,"2026-02-10 09:53:03.639611-03",NULL,"1",6,"1"
"732",2024,41,37,"90.24","735.76","22.30","45.86","22.95","8.89",NULL,NULL,NULL,NULL,"2026-02-10 09:53:03.639611-03",NULL,"1",20,"1"
"733",2024,60,53,"88.33","749.49","8.34","31.25","50.13","10.28",NULL,NULL,NULL,NULL,"2026-02-10 09:53:03.639611-03",NULL,"1",19,"1"
"734",2024,89,79,"88.76","722.84","25.88","44.34","28.38","1.40",NULL,NULL,NULL,NULL,"2026-02-10 09:53:03.639611-03",NULL,"1",12,"1"
"735",2024,73,59,"80.82","740.61","15.25","31.60","45.74","7.41",NULL,NULL,NULL,NULL,"2026-02-10 09:53:03.639611-03",NULL,"1",43,"1"
"736",2024,89,77,"86.52","264.16","6.03","47.31","31.40","15.26",NULL,NULL,NULL,NULL,"2026-02-10 14:38:25.667218-03",NULL,"1",49,"3"
"737",2024,32,29,"90.63","243.93","14.68","32.37","47.98","4.97",NULL,NULL,NULL,NULL,"2026-02-10 14:38:25.667218-03",NULL,"1",60,"3"
"738",2024,142,127,"89.44","253.49","9.53","45.24","35.66","9.57",NULL,NULL,NULL,NULL,"2026-02-10 14:38:25.667218-03",NULL,"1",14,"3"
"739",2024,133,75,"56.39","233.87","21.55","45.80","28.47","4.18",NULL,NULL,NULL,NULL,"2026-02-10 14:38:25.667218-03",NULL,"1",1,"3"
"740",2024,78,65,"83.33","247.91","12.36","48.52","32.89","6.23",NULL,NULL,NULL,NULL,"2026-02-10 14:38:25.667218-03",NULL,"1",61,"3"
"741",2024,65,54,"83.08","220.42","31.15","40.61","22.52","5.72",NULL,NULL,NULL,NULL,"2026-02-10 14:38:25.667218-03",NULL,"1",2,"3"
"742",2024,71,67,"94.37","233.45","27.06","30.08","36.22","6.63",NULL,NULL,NULL,NULL,"2026-02-10 14:38:25.667218-03",NULL,"1",78,"3"
"743",2024,69,53,"76.81","248.15","10.78","53.39","27.72","8.11",NULL,NULL,NULL,NULL,"2026-02-10 14:38:25.667218-03",NULL,"1",58,"3"
"744",2024,132,100,"75.76","223.72","27.30","50.87","17.31","4.52",NULL,NULL,NULL,NULL,"2026-02-10 14:38:25.667218-03",NULL,"1",30,"3"
"745",2024,46,36,"78.26","240.36","16.16","48.44","27.59","7.81",NULL,NULL,NULL,NULL,"2026-02-10 14:38:25.667218-03",NULL,"1",38,"3"
"746",2024,77,32,"41.56","223.42","24.72","57.63","12.94","4.72",NULL,NULL,NULL,NULL,"2026-02-10 14:38:25.667218-03",NULL,"1",9,"3"
"747",2024,65,52,"80.00","237.39","19.56","43.61","28.72","8.11",NULL,NULL,NULL,NULL,"2026-02-10 14:38:25.667218-03",NULL,"1",68,"3"
"748",2024,100,81,"81.00","226.32","24.93","48.18","17.39","9.50",NULL,NULL,NULL,NULL,"2026-02-10 14:38:25.667218-03",NULL,"1",72,"3"
"749",2024,30,28,"93.33","238.11","15.33","40.03","34.65","9.98",NULL,NULL,NULL,NULL,"2026-02-10 14:38:25.667218-03",NULL,"1",39,"3"
"750",2024,75,65,"86.67","247.79","14.00","48.52","30.93","6.55",NULL,NULL,NULL,NULL,"2026-02-10 14:38:25.667218-03",NULL,"1",28,"3"
"751",2024,19,19,"100.00","269.04","7.71","36.75","34.92","20.62",NULL,NULL,NULL,NULL,"2026-02-10 14:38:25.667218-03",NULL,"1",7,"3"
"752",2024,16,16,"100.00","255.39","12.45","42.43","28.40","16.72",NULL,NULL,NULL,NULL,"2026-02-10 14:38:25.667218-03",NULL,"1",79,"3"
"753",2024,22,18,"81.82","225.22","21.70","60.26","0.00","18.04",NULL,NULL,NULL,NULL,"2026-02-10 14:38:25.667218-03",NULL,"1",17,"3"
"754",2024,22,21,"95.45","232.89","18.13","45.05","36.81","0.00",NULL,NULL,NULL,NULL,"2026-02-10 14:38:25.667218-03",NULL,"1",3,"3"
"755",2024,64,50,"78.13","253.90","9.26","47.31","30.17","13.25",NULL,NULL,NULL,NULL,"2026-02-10 14:38:25.667218-03",NULL,"1",76,"3"
"756",2024,16,16,"100.00","262.56","12.88","35.23","36.31","15.58",NULL,NULL,NULL,NULL,"2026-02-10 14:38:25.667218-03",NULL,"1",51,"3"
"757",2024,40,37,"92.50","215.86","30.65","45.22","15.49","8.64",NULL,NULL,NULL,NULL,"2026-02-10 14:38:25.667218-03",NULL,"1",5,"3"
"758",2024,29,26,"89.66","237.39","17.96","47.22","34.82","0.00",NULL,NULL,NULL,NULL,"2026-02-10 14:38:25.667218-03",NULL,"1",34,"3"
"759",2024,47,42,"89.36","228.72","20.38","56.99","18.98","3.65",NULL,NULL,NULL,NULL,"2026-02-10 14:38:25.667218-03",NULL,"1",59,"3"
"760",2024,20,18,"90.00","234.39","17.19","68.54","6.55","7.71",NULL,NULL,NULL,NULL,"2026-02-10 14:38:25.667218-03",NULL,"1",13,"3"
"761",2024,17,16,"94.12","243.18","7.50","76.27","16.22","0.00",NULL,NULL,NULL,NULL,"2026-02-10 14:38:25.667218-03",NULL,"1",55,"3"
"762",2024,15,13,"86.67","230.27","14.74","74.67","10.59","0.00",NULL,NULL,NULL,NULL,"2026-02-10 14:38:25.667218-03",NULL,"1",74,"3"
"763",2024,32,29,"90.63","230.54","24.65","55.69","4.43","15.22",NULL,NULL,NULL,NULL,"2026-02-10 14:38:25.667218-03",NULL,"1",4,"3"
"764",2024,15,15,"100.00","247.31","18.62","45.28","8.14","27.96",NULL,NULL,NULL,NULL,"2026-02-10 14:38:25.667218-03",NULL,"1",21,"3"
"765",2024,59,52,"88.14","233.47","23.76","51.00","22.09","3.15",NULL,NULL,NULL,NULL,"2026-02-10 14:38:25.667218-03",NULL,"1",62,"3"
"766",2024,102,89,"87.25","242.93","15.31","48.53","31.43","4.73",NULL,NULL,NULL,NULL,"2026-02-10 14:38:25.667218-03",NULL,"1",8,"3"
"767",2024,31,29,"93.55","254.97","16.49","39.79","15.55","28.17",NULL,NULL,NULL,NULL,"2026-02-10 14:38:25.667218-03",NULL,"1",19,"3"
"768",2024,89,77,"86.52","258.53","23.00","53.63","21.58","1.79",NULL,NULL,NULL,NULL,"2026-02-10 15:14:11.956823-03",NULL,"2",49,"3"
"769",2024,32,29,"90.63","218.60","53.56","46.44","0.00","0.00",NULL,NULL,NULL,NULL,"2026-02-10 15:14:11.956823-03",NULL,"2",60,"3"
"770",2024,142,127,"89.44","245.18","28.66","56.17","15.18","0.00",NULL,NULL,NULL,NULL,"2026-02-10 15:14:11.956823-03",NULL,"2",14,"3"
"771",2024,133,75,"56.39","243.27","30.75","56.20","9.00","4.04",NULL,NULL,NULL,NULL,"2026-02-10 15:14:11.956823-03",NULL,"2",1,"3"
"772",2024,78,65,"83.33","243.36","27.46","60.23","9.88","2.43",NULL,NULL,NULL,NULL,"2026-02-10 15:14:11.956823-03",NULL,"2",61,"3"
"773",2024,65,54,"83.08","216.01","53.21","41.18","2.58","3.03",NULL,NULL,NULL,NULL,"2026-02-10 15:14:11.956823-03",NULL,"2",2,"3"
"774",2024,71,67,"94.37","230.33","38.61","48.46","8.32","4.60",NULL,NULL,NULL,NULL,"2026-02-10 15:14:11.956823-03",NULL,"2",78,"3"
"775",2024,69,53,"76.81","239.35","31.14","66.15","2.72","0.00",NULL,NULL,NULL,NULL,"2026-02-10 15:14:11.956823-03",NULL,"2",58,"3"
"776",2024,132,100,"75.76","227.52","42.54","51.69","4.14","1.62",NULL,NULL,NULL,NULL,"2026-02-10 15:14:11.956823-03",NULL,"2",30,"3"
"777",2024,46,36,"78.26","255.68","11.91","70.77","17.33","0.00",NULL,NULL,NULL,NULL,"2026-02-10 15:14:11.956823-03",NULL,"2",38,"3"
"778",2024,77,32,"41.56","232.82","34.77","56.00","9.23","0.00",NULL,NULL,NULL,NULL,"2026-02-10 15:14:11.956823-03",NULL,"2",9,"3"
"779",2024,65,52,"80.00","229.81","38.20","61.80","0.00","0.00",NULL,NULL,NULL,NULL,"2026-02-10 15:14:11.956823-03",NULL,"2",68,"3"
"780",2024,100,81,"81.00","228.40","39.51","57.04","3.45","0.00",NULL,NULL,NULL,NULL,"2026-02-10 15:14:11.956823-03",NULL,"2",72,"3"
"781",2024,30,28,"93.33","238.43","24.33","71.04","4.63","0.00",NULL,NULL,NULL,NULL,"2026-02-10 15:14:11.956823-03",NULL,"2",39,"3"
"782",2024,75,65,"86.67","237.88","30.38","63.45","6.17","0.00",NULL,NULL,NULL,NULL,"2026-02-10 15:14:11.956823-03",NULL,"2",28,"3"
"783",2024,19,19,"100.00","261.98","11.99","74.19","6.69","7.12",NULL,NULL,NULL,NULL,"2026-02-10 15:14:11.956823-03",NULL,"2",7,"3"
"784",2024,16,16,"100.00","252.55","19.25","65.05","15.70","0.00",NULL,NULL,NULL,NULL,"2026-02-10 15:14:11.956823-03",NULL,"2",79,"3"
"785",2024,22,18,"81.82","242.69","46.82","53.18","0.00","0.00",NULL,NULL,NULL,NULL,"2026-02-10 15:14:11.956823-03",NULL,"2",17,"3"
"786",2024,22,21,"95.45","239.52","39.30","47.94","12.77","0.00",NULL,NULL,NULL,NULL,"2026-02-10 15:14:11.956823-03",NULL,"2",3,"3"
"787",2024,64,50,"78.13","245.08","20.82","64.01","15.18","0.00",NULL,NULL,NULL,NULL,"2026-02-10 15:14:11.956823-03",NULL,"2",76,"3"
"788",2024,16,16,"100.00","256.80","25.35","49.94","16.01","8.69",NULL,NULL,NULL,NULL,"2026-02-10 15:14:11.956823-03",NULL,"2",51,"3"
"789",2024,40,37,"92.50","220.63","47.38","52.62","0.00","0.00",NULL,NULL,NULL,NULL,"2026-02-10 15:14:11.956823-03",NULL,"2",5,"3"
"790",2024,29,26,"89.66","238.38","25.57","69.02","5.41","0.00",NULL,NULL,NULL,NULL,"2026-02-10 15:14:11.956823-03",NULL,"2",34,"3"
"791",2024,47,42,"89.36","230.70","37.76","54.92","3.53","3.80",NULL,NULL,NULL,NULL,"2026-02-10 15:14:11.956823-03",NULL,"2",59,"3"
"792",2024,20,18,"90.00","237.78","33.79","66.21","0.00","0.00",NULL,NULL,NULL,NULL,"2026-02-10 15:14:11.956823-03",NULL,"2",13,"3"
"793",2024,17,16,"94.12","243.86","13.96","78.01","8.03","0.00",NULL,NULL,NULL,NULL,"2026-02-10 15:14:11.956823-03",NULL,"2",55,"3"
"794",2024,15,13,"86.67","223.92","46.16","43.00","10.83","0.00",NULL,NULL,NULL,NULL,"2026-02-10 15:14:11.956823-03",NULL,"2",74,"3"
"795",2024,32,29,"90.63","237.58","29.05","62.20","8.75","0.00",NULL,NULL,NULL,NULL,"2026-02-10 15:14:11.956823-03",NULL,"2",4,"3"
"796",2024,15,15,"100.00","243.63","31.40","49.40","9.32","9.88",NULL,NULL,NULL,NULL,"2026-02-10 15:14:11.956823-03",NULL,"2",21,"3"
"797",2024,59,52,"88.14","235.54","28.52","66.13","5.35","0.00",NULL,NULL,NULL,NULL,"2026-02-10 15:14:11.956823-03",NULL,"2",62,"3"
"798",2024,102,89,"87.25","236.46","31.84","63.63","4.53","0.00",NULL,NULL,NULL,NULL,"2026-02-10 15:14:11.956823-03",NULL,"2",8,"3"
"799",2024,31,29,"93.55","258.41","17.59","48.53","33.88","0.00",NULL,NULL,NULL,NULL,"2026-02-10 15:14:11.956823-03",NULL,"2",19,"3"
"858",2024,49,46,"93.88","180.05","36.23","39.56","24.21","0.00",NULL,NULL,NULL,NULL,"2026-02-10 15:27:42.71525-03",NULL,"2",30,"2"
"859",2024,59,51,"86.44","187.67","31.34","45.25","23.40","0.00",NULL,NULL,NULL,NULL,"2026-02-10 15:27:42.71525-03",NULL,"2",72,"2"
"860",2024,58,53,"91.38","191.84","24.95","38.15","22.22","14.67",NULL,NULL,NULL,NULL,"2026-02-10 15:27:42.71525-03",NULL,"2",71,"2"
"861",2024,31,26,"83.87","178.55","36.98","37.28","25.74","0.00",NULL,NULL,NULL,NULL,"2026-02-10 15:27:42.71525-03",NULL,"2",73,"2"
"862",2024,55,52,"94.55","194.76","24.24","27.62","36.63","11.51",NULL,NULL,NULL,NULL,"2026-02-10 15:27:42.71525-03",NULL,"2",1,"2"
"863",2024,17,17,"100.00","158.28","59.29","30.25","0.00","10.46",NULL,NULL,NULL,NULL,"2026-02-10 15:27:42.71525-03",NULL,"2",2,"2"
"864",2024,22,21,"95.45","184.11","36.52","38.31","25.17","0.00",NULL,NULL,NULL,NULL,"2026-02-10 15:27:42.71525-03",NULL,"2",3,"2"
"865",2024,72,62,"86.11","193.89","26.10","40.72","28.48","4.70",NULL,NULL,NULL,NULL,"2026-02-10 15:27:42.71525-03",NULL,"2",4,"2"
"866",2024,156,144,"92.31","184.16","32.88","39.35","22.26","5.50",NULL,NULL,NULL,NULL,"2026-02-10 15:27:42.71525-03",NULL,"2",6,"2"
"867",2024,12,9,"75.00","169.84","53.89","13.13","32.98","0.00",NULL,NULL,NULL,NULL,"2026-02-10 15:27:42.71525-03",NULL,"2",82,"2"
"868",2024,55,46,"83.64","185.13","36.62","35.96","24.05","3.36",NULL,NULL,NULL,NULL,"2026-02-10 15:27:42.71525-03",NULL,"2",9,"2"
"869",2024,83,80,"96.39","213.25","18.08","27.64","40.19","14.10",NULL,NULL,NULL,NULL,"2026-02-10 15:27:42.71525-03",NULL,"2",10,"2"
"870",2024,16,14,"87.50","185.81","31.37","47.10","9.62","11.91",NULL,NULL,NULL,NULL,"2026-02-10 15:27:42.71525-03",NULL,"2",11,"2"
"871",2024,15,14,"93.33","180.38","47.81","22.69","29.49","0.00",NULL,NULL,NULL,NULL,"2026-02-10 15:27:42.71525-03",NULL,"2",51,"2"
"872",2024,18,17,"94.44","194.05","22.38","54.40","14.80","8.42",NULL,NULL,NULL,NULL,"2026-02-10 15:27:42.71525-03",NULL,"2",7,"2"
"873",2024,32,31,"96.88","214.35","15.43","45.55","15.25","23.77",NULL,NULL,NULL,NULL,"2026-02-10 15:27:42.71525-03",NULL,"2",20,"2"
"874",2024,13,12,"92.31","182.15","36.91","38.94","11.56","12.59",NULL,NULL,NULL,NULL,"2026-02-10 15:27:42.71525-03",NULL,"2",15,"2"
"875",2024,68,68,"100.00","188.00","30.96","40.67","21.36","7.01",NULL,NULL,NULL,NULL,"2026-02-10 15:27:42.71525-03",NULL,"2",16,"2"
"876",2024,22,15,"68.18","157.52","43.38","56.62","0.00","0.00",NULL,NULL,NULL,NULL,"2026-02-10 15:27:42.71525-03",NULL,"2",17,"2"
"877",2024,68,65,"95.59","198.66","20.15","48.66","24.67","6.52",NULL,NULL,NULL,NULL,"2026-02-10 15:27:42.71525-03",NULL,"2",33,"2"
"878",2024,30,29,"96.67","182.52","38.01","33.78","28.21","0.00",NULL,NULL,NULL,NULL,"2026-02-10 15:27:42.71525-03",NULL,"2",34,"2"
"879",2024,62,62,"100.00","199.58","26.79","22.43","38.53","12.26",NULL,NULL,NULL,NULL,"2026-02-10 15:27:42.71525-03",NULL,"2",35,"2"
"880",2024,52,47,"90.38","185.28","35.04","40.04","24.92","0.00",NULL,NULL,NULL,NULL,"2026-02-10 15:27:42.71525-03",NULL,"2",36,"2"
"881",2024,54,44,"81.48","190.27","26.40","40.35","26.11","7.14",NULL,NULL,NULL,NULL,"2026-02-10 15:27:42.71525-03",NULL,"2",37,"2"
"882",2024,47,41,"87.23","204.79","19.25","33.92","46.83","0.00",NULL,NULL,NULL,NULL,"2026-02-10 15:27:42.71525-03",NULL,"2",38,"2"
"883",2024,29,24,"82.76","198.41","22.86","33.82","31.14","12.18",NULL,NULL,NULL,NULL,"2026-02-10 15:27:42.71525-03",NULL,"2",39,"2"
"884",2024,15,15,"100.00","193.80","5.87","94.13","0.00","0.00",NULL,NULL,NULL,NULL,"2026-02-10 15:27:42.71525-03",NULL,"2",41,"2"
"885",2024,10,7,"70.00","158.47","78.68","0.00","21.32","0.00",NULL,NULL,NULL,NULL,"2026-02-10 15:27:42.71525-03",NULL,"2",44,"2"
"886",2024,14,12,"85.71","186.77","20.60","34.66","44.74","0.00",NULL,NULL,NULL,NULL,"2026-02-10 15:27:42.71525-03",NULL,"2",45,"2"
"887",2024,16,16,"100.00","212.56","16.01","36.92","29.34","17.73",NULL,NULL,NULL,NULL,"2026-02-10 15:27:42.71525-03",NULL,"2",46,"2"
"888",2024,52,51,"98.08","184.13","33.14","46.13","20.73","0.00",NULL,NULL,NULL,NULL,"2026-02-10 15:27:42.71525-03",NULL,"2",47,"2"
"889",2024,152,140,"92.11","192.53","29.34","37.27","28.78","4.62",NULL,NULL,NULL,NULL,"2026-02-10 15:27:42.71525-03",NULL,"2",53,"2"
"890",2024,19,18,"94.74","191.60","24.10","46.55","21.36","7.98",NULL,NULL,NULL,NULL,"2026-02-10 15:27:42.71525-03",NULL,"2",69,"2"
"891",2024,116,104,"89.66","191.05","27.99","36.08","25.74","10.18",NULL,NULL,NULL,NULL,"2026-02-10 15:27:42.71525-03",NULL,"2",70,"2"
"892",2024,14,10,"71.43","228.02","5.84","46.51","22.02","25.63",NULL,NULL,NULL,NULL,"2026-02-10 15:27:42.71525-03",NULL,"2",54,"2"
"893",2024,21,20,"95.24","208.35","19.43","25.12","34.50","20.95",NULL,NULL,NULL,NULL,"2026-02-10 15:27:42.71525-03",NULL,"2",55,"2"
"894",2024,104,93,"89.42","186.42","33.42","44.65","16.92","5.01",NULL,NULL,NULL,NULL,"2026-02-10 15:27:42.71525-03",NULL,"2",56,"2"
"895",2024,50,46,"92.00","211.58","13.93","33.80","46.00","6.28",NULL,NULL,NULL,NULL,"2026-02-10 15:27:42.71525-03",NULL,"2",57,"2"
"896",2024,24,23,"95.83","179.58","31.32","57.57","11.11","0.00",NULL,NULL,NULL,NULL,"2026-02-10 15:27:42.71525-03",NULL,"2",59,"2"
"897",2024,45,40,"88.89","184.19","28.82","53.86","13.45","3.87",NULL,NULL,NULL,NULL,"2026-02-10 15:27:42.71525-03",NULL,"2",28,"2"
"898",2024,57,43,"75.44","184.56","34.75","19.77","45.47","0.00",NULL,NULL,NULL,NULL,"2026-02-10 15:27:42.71525-03",NULL,"2",60,"2"
"899",2024,88,84,"95.45","181.86","34.73","34.13","27.39","3.75",NULL,NULL,NULL,NULL,"2026-02-10 15:27:42.71525-03",NULL,"2",61,"2"
"900",2024,44,39,"88.64","194.13","31.85","34.54","22.13","11.48",NULL,NULL,NULL,NULL,"2026-02-10 15:27:42.71525-03",NULL,"2",29,"2"
"901",2024,39,38,"97.44","196.14","30.49","26.81","34.59","8.11",NULL,NULL,NULL,NULL,"2026-02-10 15:27:42.71525-03",NULL,"2",62,"2"
"902",2024,105,103,"98.10","183.23","37.93","34.14","24.86","3.07",NULL,NULL,NULL,NULL,"2026-02-10 15:27:42.71525-03",NULL,"2",63,"2"
"903",2024,91,82,"90.11","199.13","25.00","28.11","37.63","9.27",NULL,NULL,NULL,NULL,"2026-02-10 15:27:42.71525-03",NULL,"2",64,"2"
"904",2024,56,52,"92.86","202.97","19.67","47.37","16.63","16.34",NULL,NULL,NULL,NULL,"2026-02-10 15:27:42.71525-03",NULL,"2",65,"2"
"905",2024,119,99,"83.19","198.57","26.10","32.56","20.31","21.03",NULL,NULL,NULL,NULL,"2026-02-10 15:27:42.71525-03",NULL,"2",66,"2"
"906",2024,60,56,"93.33","175.92","34.37","50.60","15.03","0.00",NULL,NULL,NULL,NULL,"2026-02-10 15:27:42.71525-03",NULL,"2",43,"2"
"907",2024,22,18,"81.82","189.57","24.48","45.85","20.93","8.74",NULL,NULL,NULL,NULL,"2026-02-10 15:27:42.71525-03",NULL,"2",67,"2"
"908",2024,63,50,"79.37","177.97","31.44","49.07","16.35","3.15",NULL,NULL,NULL,NULL,"2026-02-10 15:27:42.71525-03",NULL,"2",58,"2"
"909",2024,22,18,"81.82","172.42","44.98","32.26","22.75","0.00",NULL,NULL,NULL,NULL,"2026-02-10 15:27:42.71525-03",NULL,"2",74,"2"
"910",2024,18,17,"94.44","199.38","22.67","21.98","29.80","25.55",NULL,NULL,NULL,NULL,"2026-02-10 15:27:42.71525-03",NULL,"2",75,"2"
"911",2024,33,32,"96.97","250.40","3.89","18.03","40.24","37.84",NULL,NULL,NULL,NULL,"2026-02-10 15:27:42.71525-03",NULL,"2",19,"2"
"912",2024,65,60,"92.31","182.46","35.99","25.16","36.25","2.60",NULL,NULL,NULL,NULL,"2026-02-10 15:27:42.71525-03",NULL,"2",76,"2"
"913",2024,59,55,"93.22","162.99","53.75","27.44","18.81","0.00",NULL,NULL,NULL,NULL,"2026-02-10 15:27:42.71525-03",NULL,"2",78,"2"
"914",2024,17,17,"100.00","224.51","11.26","38.04","27.20","23.50",NULL,NULL,NULL,NULL,"2026-02-10 15:27:42.71525-03",NULL,"2",79,"2"
"915",2024,121,104,"85.95","178.29","35.69","35.83","23.66","4.82",NULL,NULL,NULL,NULL,"2026-02-10 15:27:42.71525-03",NULL,"2",68,"2"
"916",2023,41,38,"93.00","199.00","0.21","0.55","0.24","0.00",NULL,NULL,NULL,NULL,"2026-02-10 16:11:02.192923-03",NULL,"2",30,"2"
"917",2023,62,60,"97.00","193.00","0.43","0.33","0.20","0.03",NULL,NULL,NULL,NULL,"2026-02-10 16:11:02.192923-03",NULL,"2",72,"2"
"918",2023,47,43,"91.00","214.00","0.16","0.47","0.30","0.07",NULL,NULL,NULL,NULL,"2026-02-10 16:11:02.192923-03",NULL,"2",71,"2"
"919",2023,43,34,"79.00","189.00","0.32","0.62","0.06","0.00",NULL,NULL,NULL,NULL,"2026-02-10 16:11:02.192923-03",NULL,"2",73,"2"
"920",2023,54,50,"93.00","242.00","0.12","0.22","0.38","0.28",NULL,NULL,NULL,NULL,"2026-02-10 16:11:02.192923-03",NULL,"2",1,"2"
"921",2023,12,11,"92.00","211.00","0.36","0.27","0.27","0.09",NULL,NULL,NULL,NULL,"2026-02-10 16:11:02.192923-03",NULL,"2",2,"2"
"922",2023,14,13,"93.00","209.00","0.23","0.54","0.08","0.15",NULL,NULL,NULL,NULL,"2026-02-10 16:11:02.192923-03",NULL,"2",3,"2"
"923",2023,98,93,"95.00","183.00","0.56","0.26","0.16","0.02",NULL,NULL,NULL,NULL,"2026-02-10 16:11:02.192923-03",NULL,"2",4,"2"
"924",2023,16,14,"88.00","184.00","0.64","0.14","0.21","0.00",NULL,NULL,NULL,NULL,"2026-02-10 16:11:02.192923-03",NULL,"2",5,"2"
"925",2023,131,125,"95.00","195.00","0.35","0.36","0.26","0.03",NULL,NULL,NULL,NULL,"2026-02-10 16:11:02.192923-03",NULL,"2",6,"2"
"926",2023,50,46,"92.00","191.00","0.43","0.41","0.11","0.04",NULL,NULL,NULL,NULL,"2026-02-10 16:11:02.192923-03",NULL,"2",9,"2"
"927",2023,75,69,"92.00","218.00","0.17","0.42","0.29","0.12",NULL,NULL,NULL,NULL,"2026-02-10 16:11:02.192923-03",NULL,"2",10,"2"
"928",2023,14,10,"71.00","226.00","0.10","0.30","0.60","0.00",NULL,NULL,NULL,NULL,"2026-02-10 16:11:02.192923-03",NULL,"2",11,"2"
"929",2023,21,20,"95.00","184.00","0.45","0.50","0.00","0.05",NULL,NULL,NULL,NULL,"2026-02-10 16:11:02.192923-03",NULL,"2",31,"2"
"930",2023,17,14,"82.00","202.00","0.36","0.29","0.29","0.07",NULL,NULL,NULL,NULL,"2026-02-10 16:11:02.192923-03",NULL,"2",51,"2"
"931",2023,25,20,"80.00","205.00","0.25","0.45","0.25","0.05",NULL,NULL,NULL,NULL,"2026-02-10 16:11:02.192923-03",NULL,"2",7,"2"
"932",2023,24,21,"88.00","212.00","0.24","0.38","0.29","0.10",NULL,NULL,NULL,NULL,"2026-02-10 16:11:02.192923-03",NULL,"2",20,"2"
"933",2023,18,17,"94.00","208.00","0.24","0.41","0.24","0.12",NULL,NULL,NULL,NULL,"2026-02-10 16:11:02.192923-03",NULL,"2",13,"2"
"934",2023,22,20,"91.00","198.00","0.35","0.35","0.25","0.05",NULL,NULL,NULL,NULL,"2026-02-10 16:11:02.192923-03",NULL,"2",15,"2"
"935",2023,65,62,"95.00","219.00","0.15","0.42","0.32","0.11",NULL,NULL,NULL,NULL,"2026-02-10 16:11:02.192923-03",NULL,"2",16,"2"
"936",2023,15,12,"80.00","196.00","0.25","0.50","0.25","0.00",NULL,NULL,NULL,NULL,"2026-02-10 16:11:02.192923-03",NULL,"2",17,"2"
"937",2023,67,63,"94.00","213.00","0.27","0.33","0.30","0.10",NULL,NULL,NULL,NULL,"2026-02-10 16:11:02.192923-03",NULL,"2",33,"2"
"938",2023,57,49,"86.00","198.00","0.31","0.45","0.22","0.02",NULL,NULL,NULL,NULL,"2026-02-10 16:11:02.192923-03",NULL,"2",35,"2"
"939",2023,57,45,"79.00","206.00","0.20","0.51","0.29","0.00",NULL,NULL,NULL,NULL,"2026-02-10 16:11:02.192923-03",NULL,"2",36,"2"
"940",2023,52,50,"96.00","191.00","0.30","0.56","0.08","0.06",NULL,NULL,NULL,NULL,"2026-02-10 16:11:02.192923-03",NULL,"2",37,"2"
"941",2023,63,59,"94.00","214.00","0.24","0.31","0.36","0.10",NULL,NULL,NULL,NULL,"2026-02-10 16:11:02.192923-03",NULL,"2",38,"2"
"942",2023,29,31,"100.00","210.00","0.23","0.45","0.16","0.16",NULL,NULL,NULL,NULL,"2026-02-10 16:11:02.192923-03",NULL,"2",39,"2"
"943",2023,10,10,"100.00","184.00","0.60","0.20","0.10","0.10",NULL,NULL,NULL,NULL,"2026-02-10 16:11:02.192923-03",NULL,"2",40,"2"
"944",2023,14,15,"100.00","221.00","0.07","0.47","0.33","0.13",NULL,NULL,NULL,NULL,"2026-02-10 16:11:02.192923-03",NULL,"2",44,"2"
"945",2023,13,14,"100.00","234.00","0.14","0.21","0.43","0.21",NULL,NULL,NULL,NULL,"2026-02-10 16:11:02.192923-03",NULL,"2",45,"2"
"946",2023,18,16,"89.00","216.00","0.06","0.56","0.19","0.19",NULL,NULL,NULL,NULL,"2026-02-10 16:11:02.192923-03",NULL,"2",46,"2"
"947",2023,46,43,"93.00","211.00","0.30","0.33","0.28","0.09",NULL,NULL,NULL,NULL,"2026-02-10 16:11:02.192923-03",NULL,"2",47,"2"
"948",2023,120,116,"97.00","212.00","0.26","0.35","0.29","0.09",NULL,NULL,NULL,NULL,"2026-02-10 16:11:02.192923-03",NULL,"2",53,"2"
"949",2023,27,27,"100.00","219.00","0.19","0.33","0.37","0.11",NULL,NULL,NULL,NULL,"2026-02-10 16:11:02.192923-03",NULL,"2",69,"2"
"950",2023,98,90,"92.00","207.00","0.27","0.41","0.27","0.06",NULL,NULL,NULL,NULL,"2026-02-10 16:11:02.192923-03",NULL,"2",70,"2"
"951",2023,15,15,"100.00","195.00","0.27","0.47","0.27","0.00",NULL,NULL,NULL,NULL,"2026-02-10 16:11:02.192923-03",NULL,"2",54,"2"
"952",2023,24,22,"92.00","199.00","0.36","0.36","0.18","0.09",NULL,NULL,NULL,NULL,"2026-02-10 16:11:02.192923-03",NULL,"2",55,"2"
"953",2023,94,92,"98.00","208.00","0.20","0.48","0.27","0.05",NULL,NULL,NULL,NULL,"2026-02-10 16:11:02.192923-03",NULL,"2",56,"2"
"954",2023,32,32,"100.00","222.00","0.13","0.47","0.28","0.13",NULL,NULL,NULL,NULL,"2026-02-10 16:11:02.192923-03",NULL,"2",57,"2"
"955",2023,24,25,"100.00","182.00","0.44","0.44","0.08","0.04",NULL,NULL,NULL,NULL,"2026-02-10 16:11:02.192923-03",NULL,"2",59,"2"
"956",2023,49,46,"94.00","193.00","0.39","0.35","0.24","0.02",NULL,NULL,NULL,NULL,"2026-02-10 16:11:02.192923-03",NULL,"2",28,"2"
"957",2023,38,37,"97.00","202.00","0.27","0.54","0.14","0.05",NULL,NULL,NULL,NULL,"2026-02-10 16:11:02.192923-03",NULL,"2",60,"2"
"958",2023,119,115,"97.00","199.00","0.34","0.38","0.23","0.04",NULL,NULL,NULL,NULL,"2026-02-10 16:11:02.192923-03",NULL,"2",61,"2"
"959",2023,105,90,"86.00","198.00","0.34","0.40","0.20","0.06",NULL,NULL,NULL,NULL,"2026-02-10 16:11:02.192923-03",NULL,"2",29,"2"
"960",2023,41,40,"98.00","209.00","0.30","0.38","0.23","0.10",NULL,NULL,NULL,NULL,"2026-02-10 16:11:02.192923-03",NULL,"2",62,"2"
"961",2023,103,99,"96.00","205.00","0.26","0.43","0.22","0.08",NULL,NULL,NULL,NULL,"2026-02-10 16:11:02.192923-03",NULL,"2",63,"2"
"962",2023,82,73,"89.00","222.00","0.21","0.33","0.30","0.16",NULL,NULL,NULL,NULL,"2026-02-10 16:11:02.192923-03",NULL,"2",64,"2"
"963",2023,55,49,"89.00","208.00","0.33","0.31","0.33","0.04",NULL,NULL,NULL,NULL,"2026-02-10 16:11:02.192923-03",NULL,"2",65,"2"
"964",2023,142,131,"92.00","207.00","0.29","0.36","0.28","0.07",NULL,NULL,NULL,NULL,"2026-02-10 16:11:02.192923-03",NULL,"2",66,"2"
"965",2023,79,70,"89.00","193.00","0.39","0.39","0.20","0.03",NULL,NULL,NULL,NULL,"2026-02-10 16:11:02.192923-03",NULL,"2",43,"2"
"966",2023,15,16,"100.00","214.00","0.25","0.31","0.25","0.19",NULL,NULL,NULL,NULL,"2026-02-10 16:11:02.192923-03",NULL,"2",67,"2"
"967",2023,64,52,"81.00","196.00","0.37","0.42","0.15","0.06",NULL,NULL,NULL,NULL,"2026-02-10 16:11:02.192923-03",NULL,"2",58,"2"
"968",2023,24,25,"100.00","189.00","0.44","0.36","0.12","0.08",NULL,NULL,NULL,NULL,"2026-02-10 16:11:02.192923-03",NULL,"2",74,"2"
"969",2023,14,13,"93.00","227.00","0.23","0.31","0.15","0.31",NULL,NULL,NULL,NULL,"2026-02-10 16:11:02.192923-03",NULL,"2",75,"2"
"970",2023,54,46,"85.00","233.00","0.13","0.33","0.37","0.17",NULL,NULL,NULL,NULL,"2026-02-10 16:11:02.192923-03",NULL,"2",19,"2"
"971",2023,71,63,"89.00","209.00","0.27","0.38","0.29","0.06",NULL,NULL,NULL,NULL,"2026-02-10 16:11:02.192923-03",NULL,"2",76,"2"
"972",2023,21,15,"71.00","200.00","0.40","0.13","0.47","0.00",NULL,NULL,NULL,NULL,"2026-02-10 16:11:02.192923-03",NULL,"2",77,"2"
"973",2023,46,44,"96.00","204.00","0.25","0.48","0.23","0.05",NULL,NULL,NULL,NULL,"2026-02-10 16:11:02.192923-03",NULL,"2",78,"2"
"974",2023,21,18,"86.00","226.00","0.11","0.50","0.17","0.22",NULL,NULL,NULL,NULL,"2026-02-10 16:11:02.192923-03",NULL,"2",79,"2"
"975",2023,11,10,"91.00","219.00","0.20","0.30","0.40","0.10",NULL,NULL,NULL,NULL,"2026-02-10 16:11:02.192923-03",NULL,"2",80,"2"
"976",2023,17,15,"88.00","200.00","0.33","0.40","0.27","0.00",NULL,NULL,NULL,NULL,"2026-02-10 16:11:02.192923-03",NULL,"2",81,"2"
"977",2023,90,84,"93.00","215.00","0.26","0.32","0.30","0.12",NULL,NULL,NULL,NULL,"2026-02-10 16:11:02.192923-03",NULL,"2",68,"2"
"978",2024,12,9,"75.00","200.38","13.62","28.71","25.46","32.20",NULL,NULL,NULL,NULL,"2026-02-10 16:26:05.316881-03",NULL,"1",82,"2"
"979",2024,83,80,"96.39","248.60","7.95","4.82","20.90","66.33",NULL,NULL,NULL,NULL,"2026-02-10 16:26:05.316881-03",NULL,"1",10,"2"
"980",2024,104,93,"89.42","219.69","8.57","19.01","30.89","41.53",NULL,NULL,NULL,NULL,"2026-02-10 16:26:05.316881-03",NULL,"1",56,"2"
"981",2024,58,53,"91.38","223.37","8.01","22.08","28.24","41.67",NULL,NULL,NULL,NULL,"2026-02-10 16:26:05.316881-03",NULL,"1",71,"2"
"982",2024,57,43,"75.44","214.08","11.70","22.15","19.57","46.59",NULL,NULL,NULL,NULL,"2026-02-10 16:26:05.316881-03",NULL,"1",60,"2"
"983",2024,50,46,"92.00","243.50","4.01","9.06","34.71","52.22",NULL,NULL,NULL,NULL,"2026-02-10 16:26:05.316881-03",NULL,"1",57,"2"
"984",2024,55,52,"94.55","212.12","9.87","23.85","22.11","44.18",NULL,NULL,NULL,NULL,"2026-02-10 16:26:05.316881-03",NULL,"1",1,"2"
"985",2024,91,82,"90.11","223.96","8.81","16.65","23.19","51.34",NULL,NULL,NULL,NULL,"2026-02-10 16:26:05.316881-03",NULL,"1",64,"2"
"986",2024,88,84,"95.45","211.79","11.62","20.17","33.01","35.20",NULL,NULL,NULL,NULL,"2026-02-10 16:26:05.316881-03",NULL,"1",61,"2"
"987",2024,105,103,"98.10","217.18","10.10","18.14","32.99","38.76",NULL,NULL,NULL,NULL,"2026-02-10 16:26:05.316881-03",NULL,"1",63,"2"
"988",2024,56,52,"92.86","247.38","4.04","8.23","31.51","56.23",NULL,NULL,NULL,NULL,"2026-02-10 16:26:05.316881-03",NULL,"1",65,"2"
"989",2024,17,17,"100.00","178.97","33.08","11.80","28.94","26.18",NULL,NULL,NULL,NULL,"2026-02-10 16:26:05.316881-03",NULL,"1",2,"2"
"990",2024,59,55,"93.22","187.07","18.77","31.66","28.39","21.18",NULL,NULL,NULL,NULL,"2026-02-10 16:26:05.316881-03",NULL,"1",78,"2"
"991",2024,63,50,"79.37","202.18","16.08","21.26","29.04","33.61",NULL,NULL,NULL,NULL,"2026-02-10 16:26:05.316881-03",NULL,"1",58,"2"
"992",2024,49,46,"93.88","221.58","10.69","17.15","22.11","50.06",NULL,NULL,NULL,NULL,"2026-02-10 16:26:05.316881-03",NULL,"1",30,"2"
"993",2024,68,65,"95.59","235.72","5.28","12.67","35.27","46.77",NULL,NULL,NULL,NULL,"2026-02-10 16:26:05.316881-03",NULL,"1",33,"2"
"994",2024,52,47,"90.38","224.57","9.98","15.14","28.39","46.49",NULL,NULL,NULL,NULL,"2026-02-10 16:26:05.316881-03",NULL,"1",36,"2"
"995",2024,54,44,"81.48","245.17","2.11","10.21","26.84","60.83",NULL,NULL,NULL,NULL,"2026-02-10 16:26:05.316881-03",NULL,"1",37,"2"
"996",2024,47,41,"87.23","234.67","5.15","11.58","36.73","46.54",NULL,NULL,NULL,NULL,"2026-02-10 16:26:05.316881-03",NULL,"1",38,"2"
"997",2024,14,12,"85.71","211.07","15.79","22.11","17.87","44.23",NULL,NULL,NULL,NULL,"2026-02-10 16:26:05.316881-03",NULL,"1",45,"2"
"998",2024,52,51,"98.08","227.58","8.88","7.14","38.27","45.71",NULL,NULL,NULL,NULL,"2026-02-10 16:26:05.316881-03",NULL,"1",47,"2"
"999",2024,55,46,"83.64","222.56","11.36","14.37","27.38","46.89",NULL,NULL,NULL,NULL,"2026-02-10 16:26:05.316881-03",NULL,"1",9,"2"
"1000",2024,62,62,"100.00","239.93","9.54","16.24","12.46","61.76",NULL,NULL,NULL,NULL,"2026-02-10 16:26:05.316881-03",NULL,"1",35,"2"
"1001",2024,121,104,"85.95","206.23","13.11","20.23","32.35","34.31",NULL,NULL,NULL,NULL,"2026-02-10 16:26:05.316881-03",NULL,"1",68,"2"
"1002",2024,59,51,"86.44","216.32","11.73","17.42","31.07","39.78",NULL,NULL,NULL,NULL,"2026-02-10 16:26:05.316881-03",NULL,"1",72,"2"
"1003",2024,31,26,"83.87","233.83","8.67","9.47","37.17","44.70",NULL,NULL,NULL,NULL,"2026-02-10 16:26:05.316881-03",NULL,"1",73,"2"
"1004",2024,44,39,"88.64","204.75","10.42","33.04","16.94","39.60",NULL,NULL,NULL,NULL,"2026-02-10 16:26:05.316881-03",NULL,"1",29,"2"
"1005",2024,29,24,"82.76","229.85","2.48","21.24","37.30","38.98",NULL,NULL,NULL,NULL,"2026-02-10 16:26:05.316881-03",NULL,"1",39,"2"
"1006",2024,45,40,"88.89","205.95","14.10","27.53","19.45","38.92",NULL,NULL,NULL,NULL,"2026-02-10 16:26:05.316881-03",NULL,"1",28,"2"
"1007",2024,22,18,"81.82","233.69","3.07","16.31","31.42","49.21",NULL,NULL,NULL,NULL,"2026-02-10 16:26:05.316881-03",NULL,"1",67,"2"
"1008",2024,18,17,"94.44","221.20","6.64","13.87","48.18","31.32",NULL,NULL,NULL,NULL,"2026-02-10 16:26:05.316881-03",NULL,"1",7,"2"
"1009",2024,16,14,"87.50","210.07","23.86","5.19","31.83","39.12",NULL,NULL,NULL,NULL,"2026-02-10 16:26:05.316881-03",NULL,"1",11,"2"
"1010",2024,17,17,"100.00","247.06","3.52","17.05","15.97","63.46",NULL,NULL,NULL,NULL,"2026-02-10 16:26:05.316881-03",NULL,"1",79,"2"
"1011",2024,13,12,"92.31","212.09","14.57","28.32","9.32","47.78",NULL,NULL,NULL,NULL,"2026-02-10 16:26:05.316881-03",NULL,"1",15,"2"
"1012",2024,22,15,"68.18","188.22","12.52","18.11","60.10","9.27",NULL,NULL,NULL,NULL,"2026-02-10 16:26:05.316881-03",NULL,"1",17,"2"
"1013",2024,22,21,"95.45","219.58","8.54","14.41","40.21","36.85",NULL,NULL,NULL,NULL,"2026-02-10 16:26:05.316881-03",NULL,"1",3,"2"
"1014",2024,65,60,"92.31","205.09","17.19","22.01","8.72","52.08",NULL,NULL,NULL,NULL,"2026-02-10 16:26:05.316881-03",NULL,"1",76,"2"
"1015",2024,15,15,"100.00","220.14","3.61","22.33","57.69","16.36",NULL,NULL,NULL,NULL,"2026-02-10 16:26:05.316881-03",NULL,"1",41,"2"
"1016",2024,15,14,"93.33","194.88","8.69","32.07","49.77","9.48",NULL,NULL,NULL,NULL,"2026-02-10 16:26:05.316881-03",NULL,"1",51,"2"
"1017",2024,30,29,"96.67","226.64","7.80","16.02","24.10","52.08",NULL,NULL,NULL,NULL,"2026-02-10 16:26:05.316881-03",NULL,"1",34,"2"
"1018",2024,10,7,"70.00","170.69","20.49","57.99","0.00","21.52",NULL,NULL,NULL,NULL,"2026-02-10 16:26:05.316881-03",NULL,"1",44,"2"
"1019",2024,16,16,"100.00","230.05","7.55","9.51","30.70","52.23",NULL,NULL,NULL,NULL,"2026-02-10 16:26:05.316881-03",NULL,"1",46,"2"
"1020",2024,24,23,"95.83","208.86","5.58","34.06","32.62","27.75",NULL,NULL,NULL,NULL,"2026-02-10 16:26:05.316881-03",NULL,"1",59,"2"
"1021",2024,14,10,"71.43","235.60","4.46","6.86","27.77","60.92",NULL,NULL,NULL,NULL,"2026-02-10 16:26:05.316881-03",NULL,"1",54,"2"
"1022",2024,21,20,"95.24","217.63","9.79","19.75","30.31","40.15",NULL,NULL,NULL,NULL,"2026-02-10 16:26:05.316881-03",NULL,"1",55,"2"
"1023",2024,22,18,"81.82","193.30","14.87","29.35","32.08","23.70",NULL,NULL,NULL,NULL,"2026-02-10 16:26:05.316881-03",NULL,"1",74,"2"
"1024",2024,72,62,"86.11","228.36","8.69","19.75","24.45","47.11",NULL,NULL,NULL,NULL,"2026-02-10 16:26:05.316881-03",NULL,"1",4,"2"
"1025",2024,39,38,"97.44","217.88","7.92","30.42","24.83","36.83",NULL,NULL,NULL,NULL,"2026-02-10 16:26:05.316881-03",NULL,"1",62,"2"
"1026",2024,119,99,"83.19","234.08","5.27","18.24","24.42","52.07",NULL,NULL,NULL,NULL,"2026-02-10 16:26:05.316881-03",NULL,"1",66,"2"
"1027",2024,152,140,"92.11","234.75","7.29","13.80","30.91","47.99",NULL,NULL,NULL,NULL,"2026-02-10 16:26:05.316881-03",NULL,"1",53,"2"
"1028",2024,68,68,"100.00","237.85","7.28","9.56","26.98","56.18",NULL,NULL,NULL,NULL,"2026-02-10 16:26:05.316881-03",NULL,"1",16,"2"
"1029",2024,116,104,"89.66","226.25","9.61","17.85","16.69","55.86",NULL,NULL,NULL,NULL,"2026-02-10 16:26:05.316881-03",NULL,"1",70,"2"
"1030",2024,19,18,"94.74","257.71","3.21","11.96","19.25","65.58",NULL,NULL,NULL,NULL,"2026-02-10 16:26:05.316881-03",NULL,"1",69,"2"
"1031",2024,18,17,"94.44","232.17","16.91","8.60","5.76","68.73",NULL,NULL,NULL,NULL,"2026-02-10 16:26:05.316881-03",NULL,"1",75,"2"
"1032",2024,156,144,"92.31","217.52","11.73","19.37","25.13","43.77",NULL,NULL,NULL,NULL,"2026-02-10 16:26:05.316881-03",NULL,"1",6,"2"
"1033",2024,32,31,"96.88","246.66","4.93","6.96","26.22","61.89",NULL,NULL,NULL,NULL,"2026-02-10 16:26:05.316881-03",NULL,"1",20,"2"
"1034",2024,33,32,"96.97","274.75","0.00","5.89","26.37","67.74",NULL,NULL,NULL,NULL,"2026-02-10 16:26:05.316881-03",NULL,"1",19,"2"
"1035",2024,60,56,"93.33","215.14","11.68","20.36","20.07","47.89",NULL,NULL,NULL,NULL,"2026-02-10 16:26:05.316881-03",NULL,"1",43,"2"
